{
  "type": "FeatureCollection",
  "bbox": [
    56.283897,
    25.100704,
    56.443167,
    25.244848
  ],
  "port": "fujairah",
  "features": [
    {
      "type": "Feature",
      "geometry": {
        "type": "LineString",
        "coordinates": [
          [
            56.3628789,
            25.2051724
          ],
          [
            56.3639945,
            25.2051748
          ],
          [
            56.3650077,
            25.2051936
          ],
          [
            56.3664621,
            25.2051942
          ],
          [
            56.3664963,
            25.2051791
          ],
          [
            56.3665473,
            25.2051791
          ],
          [
            56.3665527,
            25.2051961
          ],
          [
            56.3666278,
            25.2051961
          ],
          [
            56.3666553,
            25.2051797
          ],
          [
            56.3667216,
            25.2051839
          ],
          [
            56.3667511,
            25.2051961
          ],
          [
            56.3674351,
            25.2051961
          ],
          [
            56.3686562,
            25.2052039
          ],
          [
            56.3698176,
            25.2051942
          ],
          [
            56.3698089,
            25.2050674
          ],
          [
            56.3698196,
            25.2044267
          ],
          [
            56.3698223,
            25.2035021
          ],
          [
            56.3696513,
            25.20351
          ],
          [
            56.3696567,
            25.2036556
          ],
          [
            56.3696533,
            25.203706
          ],
          [
            56.3695621,
            25.203706
          ],
          [
            56.3695621,
            25.2036477
          ],
          [
            56.3696157,
            25.2036356
          ],
          [
            56.3696211,
            25.2035118
          ],
          [
            56.3695514,
            25.2035021
          ],
          [
            56.3695574,
            25.2031799
          ],
          [
            56.3696238,
            25.2031745
          ],
          [
            56.3696238,
            25.2030483
          ],
          [
            56.3695648,
            25.2030507
          ],
          [
            56.3695655,
            25.2030004
          ],
          [
            56.3696426,
            25.20299
          ],
          [
            56.3697103,
            25.2028159
          ],
          [
            56.3696882,
            25.2027789
          ],
          [
            56.3697204,
            25.2027571
          ],
          [
            56.3697204,
            25.202393
          ],
          [
            56.3697016,
            25.2023591
          ],
          [
            56.3697391,
            25.2023275
          ],
          [
            56.369772,
            25.2023694
          ],
          [
            56.3697579,
            25.2028105
          ],
          [
            56.3696808,
            25.2029907
          ],
          [
            56.3696774,
            25.2030604
          ],
          [
            56.3696486,
            25.2030635
          ],
          [
            56.3696533,
            25.2031648
          ],
          [
            56.3697478,
            25.2031799
          ],
          [
            56.3697606,
            25.2032012
          ],
          [
            56.3698974,
            25.2031988
          ],
          [
            56.3700395,
            25.2032837
          ],
          [
            56.3700529,
            25.2033201
          ],
          [
            56.370002,
            25.2033395
          ],
          [
            56.3699564,
            25.2033128
          ],
          [
            56.3699678,
            25.2032843
          ],
          [
            56.3699108,
            25.2032473
          ],
          [
            56.3699195,
            25.2034081
          ],
          [
            56.370008,
            25.2034226
          ],
          [
            56.3699966,
            25.2035409
          ],
          [
            56.3699249,
            25.2035367
          ],
          [
            56.3699168,
            25.2038473
          ],
          [
            56.3700047,
            25.2038492
          ],
          [
            56.3700375,
            25.2038716
          ],
          [
            56.37001,
            25.2039171
          ],
          [
            56.3699591,
            25.2039171
          ],
          [
            56.369951,
            25.2038807
          ],
          [
            56.3699141,
            25.2038837
          ],
          [
            56.3699034,
            25.2040318
          ],
          [
            56.3699034,
            25.2044322
          ],
          [
            56.3699356,
            25.2044371
          ],
          [
            56.3699322,
            25.2045287
          ],
          [
            56.3699061,
            25.2045293
          ],
          [
            56.3698974,
            25.2046306
          ],
          [
            56.3699088,
            25.2047161
          ],
          [
            56.3699859,
            25.2047155
          ],
          [
            56.3699919,
            25.2046288
          ],
          [
            56.3700556,
            25.2046185
          ],
          [
            56.370059,
            25.2045293
          ],
          [
            56.3700825,
            25.2045287
          ],
          [
            56.3700878,
            25.2043127
          ],
          [
            56.3701817,
            25.2043127
          ],
          [
            56.3701797,
            25.2043473
          ],
          [
            56.3701656,
            25.2043758
          ],
          [
            56.37012,
            25.2043758
          ],
          [
            56.3701254,
            25.2045311
          ],
          [
            56.370177,
            25.204539
          ],
          [
            56.3701636,
            25.2047938
          ],
          [
            56.370177,
            25.2050292
          ],
          [
            56.370118,
            25.2050292
          ],
          [
            56.3701173,
            25.2051985
          ],
          [
            56.3701602,
            25.2051961
          ],
          [
            56.3701824,
            25.2052306
          ],
          [
            56.3701549,
            25.2052737
          ],
          [
            56.3701039,
            25.2052689
          ],
          [
            56.3699919,
            25.2056675
          ],
          [
            56.3700181,
            25.2056838
          ],
          [
            56.3700181,
            25.205713
          ],
          [
            56.3699832,
            25.2057324
          ],
          [
            56.3699866,
            25.2062281
          ],
          [
            56.37001,
            25.2062299
          ],
          [
            56.3700234,
            25.2062639
          ],
          [
            56.3699839,
            25.2062936
          ],
          [
            56.3699483,
            25.2062542
          ],
          [
            56.3699564,
            25.205662
          ],
          [
            56.3700878,
            25.2052106
          ],
          [
            56.3700858,
            25.2049418
          ],
          [
            56.3699034,
            25.2049346
          ],
          [
            56.3698712,
            25.2063907
          ],
          [
            56.3699597,
            25.2063955
          ],
          [
            56.3699564,
            25.2065235
          ],
          [
            56.369882,
            25.2065314
          ],
          [
            56.3698766,
            25.2068445
          ],
          [
            56.3698873,
            25.2070192
          ],
          [
            56.3699296,
            25.2070404
          ],
          [
            56.3699296,
            25.2070696
          ],
          [
            56.3698759,
            25.2071011
          ],
          [
            56.3698813,
            25.2073316
          ],
          [
            56.3699168,
            25.2073565
          ],
          [
            56.3699081,
            25.2073972
          ],
          [
            56.3698766,
            25.2074075
          ],
          [
            56.3698766,
            25.2077375
          ],
          [
            56.3698739,
            25.2080215
          ],
          [
            56.3700039,
            25.2080263
          ],
          [
            56.3700047,
            25.2079626
          ],
          [
            56.3700959,
            25.2079553
          ],
          [
            56.3700905,
            25.2078655
          ],
          [
            56.3700583,
            25.2078655
          ],
          [
            56.370059,
            25.2077982
          ],
          [
            56.3701039,
            25.2078073
          ],
          [
            56.3700965,
            25.2077278
          ],
          [
            56.370061,
            25.2077224
          ],
          [
            56.3700637,
            25.2076301
          ],
          [
            56.3701468,
            25.2076423
          ],
          [
            56.370169,
            25.2076744
          ],
          [
            56.3701743,
            25.2077133
          ],
          [
            56.3701549,
            25.2077272
          ],
          [
            56.3701227,
            25.2077345
          ],
          [
            56.3701314,
            25.2078006
          ],
          [
            56.3701576,
            25.2078
          ],
          [
            56.3701495,
            25.2078631
          ],
          [
            56.3701153,
            25.2078637
          ],
          [
            56.3701207,
            25.2079535
          ],
          [
            56.3701576,
            25.2079529
          ],
          [
            56.3701636,
            25.2082035
          ],
          [
            56.3701099,
            25.2082035
          ],
          [
            56.3701146,
            25.2082757
          ],
          [
            56.3701656,
            25.2082829
          ],
          [
            56.3701877,
            25.2083102
          ],
          [
            56.3701871,
            25.2083339
          ],
          [
            56.3701549,
            25.2083558
          ],
          [
            56.370112,
            25.2083582
          ],
          [
            56.370112,
            25.2084237
          ],
          [
            56.3701415,
            25.2084261
          ],
          [
            56.3701663,
            25.2084559
          ],
          [
            56.3701663,
            25.2084947
          ],
          [
            56.3701388,
            25.2085256
          ],
          [
            56.3700798,
            25.2085281
          ],
          [
            56.3699001,
            25.2087562
          ],
          [
            56.3699061,
            25.208849
          ],
          [
            56.3698679,
            25.2088435
          ],
          [
            56.3698598,
            25.2090862
          ],
          [
            56.3699007,
            25.2090941
          ],
          [
            56.3698974,
            25.209193
          ],
          [
            56.3698625,
            25.209193
          ],
          [
            56.3698545,
            25.2093847
          ],
          [
            56.3699054,
            25.2093895
          ],
          [
            56.3699001,
            25.2094672
          ],
          [
            56.3697928,
            25.2094672
          ],
          [
            56.3697961,
            25.2093877
          ],
          [
            56.3698303,
            25.2093823
          ],
          [
            56.3698384,
            25.2091857
          ],
          [
            56.3698008,
            25.2091833
          ],
          [
            56.3697988,
            25.2090941
          ],
          [
            56.369833,
            25.2090838
          ],
          [
            56.3698437,
            25.208846
          ],
          [
            56.3698035,
            25.2088411
          ],
          [
            56.3698042,
            25.2087592
          ],
          [
            56.3696077,
            25.2085232
          ],
          [
            56.3695487,
            25.2085256
          ],
          [
            56.3695272,
            25.2085038
          ],
          [
            56.3695272,
            25.2084698
          ],
          [
            56.369552,
            25.2084364
          ],
          [
            56.3695836,
            25.208431
          ],
          [
            56.3695809,
            25.208363
          ],
          [
            56.3695601,
            25.2083636
          ],
          [
            56.3695326,
            25.2083412
          ],
          [
            56.3695353,
            25.2082975
          ],
          [
            56.3695836,
            25.2082781
          ],
          [
            56.3695896,
            25.2081986
          ],
          [
            56.3695433,
            25.2081907
          ],
          [
            56.3695246,
            25.2079432
          ],
          [
            56.3695648,
            25.2079432
          ],
          [
            56.3695628,
            25.2078783
          ],
          [
            56.3695353,
            25.2078558
          ],
          [
            56.369536,
            25.2078176
          ],
          [
            56.3695755,
            25.2078024
          ],
          [
            56.3695655,
            25.2077278
          ],
          [
            56.3695406,
            25.2077005
          ],
          [
            56.3695299,
            25.2076617
          ],
          [
            56.3695675,
            25.2076277
          ],
          [
            56.3696613,
            25.2076374
          ],
          [
            56.3696587,
            25.2077248
          ],
          [
            56.3696137,
            25.2077254
          ],
          [
            56.3696157,
            25.2077952
          ],
          [
            56.369654,
            25.2077958
          ],
          [
            56.3696613,
            25.2078728
          ],
          [
            56.3696191,
            25.2078759
          ],
          [
            56.3696245,
            25.2079535
          ],
          [
            56.3697103,
            25.2079681
          ],
          [
            56.3697123,
            25.2080184
          ],
          [
            56.3698035,
            25.2080111
          ],
          [
            56.3697928,
            25.2077369
          ],
          [
            56.3697552,
            25.2077369
          ],
          [
            56.3697586,
            25.2077036
          ],
          [
            56.3698062,
            25.2077005
          ],
          [
            56.3698115,
            25.207402
          ],
          [
            56.3697767,
            25.207385
          ],
          [
            56.3697767,
            25.2073341
          ],
          [
            56.3698035,
            25.2073001
          ],
          [
            56.3698115,
            25.2066643
          ],
          [
            56.3697713,
            25.2066643
          ],
          [
            56.3697713,
            25.2065939
          ],
          [
            56.3698115,
            25.2065915
          ],
          [
            56.3698089,
            25.2060066
          ],
          [
            56.3698169,
            25.2054436
          ],
          [
            56.3697713,
            25.2054436
          ],
          [
            56.3697827,
            25.2053787
          ],
          [
            56.3698089,
            25.2053756
          ],
          [
            56.3698095,
            25.2052913
          ],
          [
            56.369487,
            25.2052907
          ],
          [
            56.3688299,
            25.2052834
          ],
          [
            56.3688164,
            25.205298
          ],
          [
            56.3687333,
            25.205298
          ],
          [
            56.3687179,
            25.205267
          ],
          [
            56.3683176,
            25.2052664
          ],
          [
            56.3675323,
            25.2052743
          ],
          [
            56.3675263,
            25.2055674
          ],
          [
            56.3675344,
            25.2058756
          ],
          [
            56.3675558,
            25.205895
          ],
          [
            56.3675558,
            25.2059144
          ],
          [
            56.367529,
            25.2059314
          ],
          [
            56.367527,
            25.2061431
          ],
          [
            56.3675511,
            25.2061795
          ],
          [
            56.3675458,
            25.2062111
          ],
          [
            56.3675317,
            25.2062299
          ],
          [
            56.3675297,
            25.2067328
          ],
          [
            56.3675639,
            25.2067371
          ],
          [
            56.3675773,
            25.2065162
          ],
          [
            56.3676095,
            25.2065162
          ],
          [
            56.3676095,
            25.2067978
          ],
          [
            56.3675826,
            25.2067978
          ],
          [
            56.3675753,
            25.2068809
          ],
          [
            56.3675987,
            25.2068851
          ],
          [
            56.3676014,
            25.2069045
          ],
          [
            56.3675531,
            25.2069045
          ],
          [
            56.3675585,
            25.206788
          ],
          [
            56.3675209,
            25.2067953
          ],
          [
            56.3675189,
            25.2070726
          ],
          [
            56.367594,
            25.207075
          ],
          [
            56.3675907,
            25.2070963
          ],
          [
            56.3675109,
            25.2070944
          ],
          [
            56.3675136,
            25.2073007
          ],
          [
            56.3675189,
            25.2073711
          ],
          [
            56.3675297,
            25.2073905
          ],
          [
            56.3675189,
            25.207422
          ],
          [
            56.3675209,
            25.2075695
          ],
          [
            56.3675263,
            25.2076083
          ],
          [
            56.367478,
            25.2076083
          ],
          [
            56.3674941,
            25.2075549
          ],
          [
            56.3674941,
            25.2074093
          ],
          [
            56.367478,
            25.2073826
          ],
          [
            56.3674861,
            25.2073559
          ],
          [
            56.3674861,
            25.2072855
          ],
          [
            56.3674861,
            25.207089
          ],
          [
            56.3674137,
            25.2070914
          ],
          [
            56.3674137,
            25.2070696
          ],
          [
            56.3674861,
            25.2070671
          ],
          [
            56.3674867,
            25.2067887
          ],
          [
            56.3674405,
            25.2067832
          ],
          [
            56.3674465,
            25.2069051
          ],
          [
            56.3674137,
            25.2068948
          ],
          [
            56.367419,
            25.2065138
          ],
          [
            56.3674492,
            25.206512
          ],
          [
            56.3674438,
            25.2067353
          ],
          [
            56.3674787,
            25.2067328
          ],
          [
            56.3674834,
            25.2066521
          ],
          [
            56.3674787,
            25.2062159
          ],
          [
            56.3674619,
            25.2061959
          ],
          [
            56.3674626,
            25.2061674
          ],
          [
            56.3674861,
            25.2061571
          ],
          [
            56.3674894,
            25.2059247
          ],
          [
            56.3674673,
            25.205912
          ],
          [
            56.367468,
            25.2058883
          ],
          [
            56.3674914,
            25.2058804
          ],
          [
            56.3674834,
            25.2057931
          ],
          [
            56.3674324,
            25.2057955
          ],
          [
            56.3674331,
            25.2057645
          ],
          [
            56.3674807,
            25.2057664
          ],
          [
            56.3674646,
            25.2052664
          ],
          [
            56.3671267,
            25.2052689
          ],
          [
            56.3667699,
            25.2052713
          ],
          [
            56.3667431,
            25.2052858
          ],
          [
            56.3666573,
            25.2052956
          ],
          [
            56.3666358,
            25.2052616
          ],
          [
            56.3658794,
            25.2052689
          ],
          [
            56.3646778,
            25.2052616
          ],
          [
            56.3643298,
            25.2052598
          ],
          [
            56.3643264,
            25.205332
          ],
          [
            56.3642701,
            25.205332
          ],
          [
            56.3642621,
            25.2052567
          ],
          [
            56.3628989,
            25.2052688
          ]
        ]
      },
      "properties": {
        "osm_id": 167044417,
        "kind": "coastline",
        "name": null
      }
    },
    {
      "type": "Feature",
      "geometry": {
        "type": "LineString",
        "coordinates": [
          [
            56.3587876,
            25.1018274
          ],
          [
            56.3598232,
            25.1018834
          ]
        ]
      },
      "properties": {
        "osm_id": 194786986,
        "kind": "pier",
        "name": null
      }
    },
    {
      "type": "Feature",
      "geometry": {
        "type": "LineString",
        "coordinates": [
          [
            56.3588343,
            25.1011895
          ],
          [
            56.3598178,
            25.101264
          ]
        ]
      },
      "properties": {
        "osm_id": 194786995,
        "kind": "pier",
        "name": null
      }
    },
    {
      "type": "Feature",
      "geometry": {
        "type": "LineString",
        "coordinates": [
          [
            56.3587581,
            25.1021364
          ],
          [
            56.3597345,
            25.1021964
          ]
        ]
      },
      "properties": {
        "osm_id": 194786999,
        "kind": "pier",
        "name": null
      }
    },
    {
      "type": "Feature",
      "geometry": {
        "type": "LineString",
        "coordinates": [
          [
            56.358808,
            25.1015014
          ],
          [
            56.3598499,
            25.1015674
          ]
        ]
      },
      "properties": {
        "osm_id": 194787005,
        "kind": "pier",
        "name": null
      }
    },
    {
      "type": "Feature",
      "geometry": {
        "type": "LineString",
        "coordinates": [
          [
            56.3577362,
            25.1272188
          ],
          [
            56.3582557,
            25.1272467
          ]
        ]
      },
      "properties": {
        "osm_id": 195575005,
        "kind": "pier",
        "name": null
      }
    },
    {
      "type": "Feature",
      "geometry": {
        "type": "LineString",
        "coordinates": [
          [
            56.3580765,
            25.1263567
          ],
          [
            56.358083,
            25.1262721
          ]
        ]
      },
      "properties": {
        "osm_id": 195575007,
        "kind": "pier",
        "name": null
      }
    },
    {
      "type": "Feature",
      "geometry": {
        "type": "LineString",
        "coordinates": [
          [
            56.3582808,
            25.1263707
          ],
          [
            56.3582906,
            25.1262797
          ]
        ]
      },
      "properties": {
        "osm_id": 195575008,
        "kind": "pier",
        "name": null
      }
    },
    {
      "type": "Feature",
      "geometry": {
        "type": "LineString",
        "coordinates": [
          [
            56.3577109,
            25.1276777
          ],
          [
            56.3580938,
            25.1277006
          ],
          [
            56.3584747,
            25.1277234
          ],
          [
            56.3586076,
            25.1277313
          ],
          [
            56.3587075,
            25.1277373
          ],
          [
            56.3587935,
            25.1277425
          ],
          [
            56.3588654,
            25.1277468
          ],
          [
            56.3590265,
            25.1277564
          ]
        ]
      },
      "properties": {
        "osm_id": 195575012,
        "kind": "pier",
        "name": null
      }
    },
    {
      "type": "Feature",
      "geometry": {
        "type": "LineString",
        "coordinates": [
          [
            56.3582586,
            25.1271984
          ],
          [
            56.358341,
            25.1272019
          ],
          [
            56.3588253,
            25.1272222
          ]
        ]
      },
      "properties": {
        "osm_id": 195575014,
        "kind": "pier",
        "name": null
      }
    },
    {
      "type": "Feature",
      "geometry": {
        "type": "LineString",
        "coordinates": [
          [
            56.3579394,
            25.1263472
          ],
          [
            56.3579453,
            25.1262683
          ]
        ]
      },
      "properties": {
        "osm_id": 195575020,
        "kind": "pier",
        "name": null
      }
    },
    {
      "type": "Feature",
      "geometry": {
        "type": "LineString",
        "coordinates": [
          [
            56.3577365,
            25.1272554
          ],
          [
            56.3577109,
            25.1276777
          ],
          [
            56.3576937,
            25.1279253
          ],
          [
            56.3576881,
            25.1280054
          ],
          [
            56.3576832,
            25.1280809
          ],
          [
            56.3576787,
            25.1281489
          ],
          [
            56.3576736,
            25.1282266
          ],
          [
            56.3576683,
            25.1283069
          ],
          [
            56.3576652,
            25.1283536
          ],
          [
            56.3576605,
            25.1284259
          ],
          [
            56.3576557,
            25.1284987
          ],
          [
            56.3576522,
            25.128552
          ],
          [
            56.3576486,
            25.1286067
          ]
        ]
      },
      "properties": {
        "osm_id": 195575024,
        "kind": "pier",
        "name": null
      }
    },
    {
      "type": "Feature",
      "geometry": {
        "type": "LineString",
        "coordinates": [
          [
            56.3584597,
            25.1278966
          ],
          [
            56.3584747,
            25.1277234
          ],
          [
            56.3584847,
            25.1276075
          ]
        ]
      },
      "properties": {
        "osm_id": 195575025,
        "kind": "pier",
        "name": null
      }
    },
    {
      "type": "Feature",
      "geometry": {
        "type": "LineString",
        "coordinates": [
          [
            56.3582463,
            25.1273563
          ],
          [
            56.3582557,
            25.1272467
          ],
          [
            56.3582586,
            25.1271984
          ],
          [
            56.358262,
            25.1271419
          ]
        ]
      },
      "properties": {
        "osm_id": 195575027,
        "kind": "pier",
        "name": null
      }
    },
    {
      "type": "Feature",
      "geometry": {
        "type": "LineString",
        "coordinates": [
          [
            56.3577952,
            25.1263373
          ],
          [
            56.3579394,
            25.1263472
          ],
          [
            56.3580765,
            25.1263567
          ],
          [
            56.3582808,
            25.1263707
          ],
          [
            56.358475,
            25.1263841
          ],
          [
            56.358591,
            25.1263921
          ],
          [
            56.3586036,
            25.1263314
          ]
        ]
      },
      "properties": {
        "osm_id": 195575029,
        "kind": "pier",
        "name": null
      }
    },
    {
      "type": "Feature",
      "geometry": {
        "type": "LineString",
        "coordinates": [
          [
            56.3581546,
            25.128892
          ],
          [
            56.3581603,
            25.1287877
          ],
          [
            56.3582328,
            25.1287857
          ],
          [
            56.3582328,
            25.1287597
          ],
          [
            56.3580068,
            25.1287616
          ],
          [
            56.3580025,
            25.1287838
          ],
          [
            56.358124,
            25.1287886
          ],
          [
            56.3581261,
            25.1288923
          ],
          [
            56.3581546,
            25.128892
          ]
        ]
      },
      "properties": {
        "osm_id": 195575031,
        "kind": "pier",
        "name": null
      }
    },
    {
      "type": "Feature",
      "geometry": {
        "type": "LineString",
        "coordinates": [
          [
            56.358427,
            25.1271223
          ],
          [
            56.3584218,
            25.127206
          ]
        ]
      },
      "properties": {
        "osm_id": 219872710,
        "kind": "pier",
        "name": null
      }
    },
    {
      "type": "Feature",
      "geometry": {
        "type": "LineString",
        "coordinates": [
          [
            56.3585745,
            25.1271298
          ],
          [
            56.3585693,
            25.1272134
          ]
        ]
      },
      "properties": {
        "osm_id": 219872714,
        "kind": "pier",
        "name": null
      }
    },
    {
      "type": "Feature",
      "geometry": {
        "type": "LineString",
        "coordinates": [
          [
            56.3581316,
            25.1271425
          ],
          [
            56.3581209,
            25.1273562
          ]
        ]
      },
      "properties": {
        "osm_id": 219872719,
        "kind": "pier",
        "name": null
      }
    },
    {
      "type": "Feature",
      "geometry": {
        "type": "LineString",
        "coordinates": [
          [
            56.3576102,
            25.1273049
          ],
          [
            56.3577336,
            25.1273097
          ]
        ]
      },
      "properties": {
        "osm_id": 219872720,
        "kind": "pier",
        "name": null
      }
    },
    {
      "type": "Feature",
      "geometry": {
        "type": "LineString",
        "coordinates": [
          [
            56.3580833,
            25.1278953
          ],
          [
            56.3580938,
            25.1277006
          ]
        ]
      },
      "properties": {
        "osm_id": 219872725,
        "kind": "pier",
        "name": null
      }
    },
    {
      "type": "Feature",
      "geometry": {
        "type": "LineString",
        "coordinates": [
          [
            56.3583462,
            25.1271182
          ],
          [
            56.358341,
            25.1272019
          ]
        ]
      },
      "properties": {
        "osm_id": 219872730,
        "kind": "pier",
        "name": null
      }
    },
    {
      "type": "Feature",
      "geometry": {
        "type": "LineString",
        "coordinates": [
          [
            56.3586485,
            25.1271335
          ],
          [
            56.3586433,
            25.1272172
          ]
        ]
      },
      "properties": {
        "osm_id": 219872734,
        "kind": "pier",
        "name": null
      }
    },
    {
      "type": "Feature",
      "geometry": {
        "type": "LineString",
        "coordinates": [
          [
            56.357604,
            25.1274342
          ],
          [
            56.3577274,
            25.1274391
          ]
        ]
      },
      "properties": {
        "osm_id": 219872735,
        "kind": "pier",
        "name": null
      }
    },
    {
      "type": "Feature",
      "geometry": {
        "type": "LineString",
        "coordinates": [
          [
            56.3575876,
            25.1277745
          ],
          [
            56.3577038,
            25.1277789
          ]
        ]
      },
      "properties": {
        "osm_id": 219872737,
        "kind": "pier",
        "name": null
      }
    },
    {
      "type": "Feature",
      "geometry": {
        "type": "LineString",
        "coordinates": [
          [
            56.3575844,
            25.1278419
          ],
          [
            56.3576992,
            25.1278462
          ]
        ]
      },
      "properties": {
        "osm_id": 219872739,
        "kind": "pier",
        "name": null
      }
    },
    {
      "type": "Feature",
      "geometry": {
        "type": "LineString",
        "coordinates": [
          [
            56.3578822,
            25.1278865
          ],
          [
            56.3578926,
            25.1276912
          ]
        ]
      },
      "properties": {
        "osm_id": 219872740,
        "kind": "pier",
        "name": null
      }
    },
    {
      "type": "Feature",
      "geometry": {
        "type": "LineString",
        "coordinates": [
          [
            56.3576006,
            25.1275045
          ],
          [
            56.3577225,
            25.1275093
          ]
        ]
      },
      "properties": {
        "osm_id": 219872745,
        "kind": "pier",
        "name": null
      }
    },
    {
      "type": "Feature",
      "geometry": {
        "type": "LineString",
        "coordinates": [
          [
            56.3575909,
            25.127706
          ],
          [
            56.3577086,
            25.1277105
          ]
        ]
      },
      "properties": {
        "osm_id": 219872748,
        "kind": "pier",
        "name": null
      }
    },
    {
      "type": "Feature",
      "geometry": {
        "type": "LineString",
        "coordinates": [
          [
            56.3582663,
            25.1279033
          ],
          [
            56.3582768,
            25.1277081
          ]
        ]
      },
      "properties": {
        "osm_id": 219872750,
        "kind": "pier",
        "name": null
      }
    },
    {
      "type": "Feature",
      "geometry": {
        "type": "LineString",
        "coordinates": [
          [
            56.3584856,
            25.1263168
          ],
          [
            56.358475,
            25.1263841
          ]
        ]
      },
      "properties": {
        "osm_id": 219872751,
        "kind": "pier",
        "name": null
      }
    },
    {
      "type": "Feature",
      "geometry": {
        "type": "LineString",
        "coordinates": [
          [
            56.3579385,
            25.1271328
          ],
          [
            56.3579331,
            25.1273659
          ]
        ]
      },
      "properties": {
        "osm_id": 219872753,
        "kind": "pier",
        "name": null
      }
    },
    {
      "type": "Feature",
      "geometry": {
        "type": "LineString",
        "coordinates": [
          [
            56.3585011,
            25.1271261
          ],
          [
            56.358496,
            25.1272097
          ]
        ]
      },
      "properties": {
        "osm_id": 219872755,
        "kind": "pier",
        "name": null
      }
    },
    {
      "type": "Feature",
      "geometry": {
        "type": "LineString",
        "coordinates": [
          [
            56.3628989,
            25.2052688
          ],
          [
            56.3629125,
            25.2054591
          ],
          [
            56.3631074,
            25.2057023
          ],
          [
            56.3634038,
            25.2077168
          ],
          [
            56.3639876,
            25.2084902
          ],
          [
            56.3643689,
            25.2090281
          ],
          [
            56.3645479,
            25.2092443
          ],
          [
            56.3649348,
            25.2097731
          ],
          [
            56.3655008,
            25.2105467
          ],
          [
            56.3657227,
            25.2107175
          ],
          [
            56.3658954,
            25.2109995
          ],
          [
            56.366942,
            25.2127603
          ],
          [
            56.3681961,
            25.2136039
          ],
          [
            56.3716337,
            25.2142757
          ],
          [
            56.3721397,
            25.2150059
          ],
          [
            56.3761872,
            25.242891
          ]
        ]
      },
      "properties": {
        "osm_id": 379533650,
        "kind": "coastline",
        "name": null
      }
    },
    {
      "type": "Feature",
      "geometry": {
        "type": "LineString",
        "coordinates": [
          [
            56.3626404,
            25.2015868
          ],
          [
            56.3625295,
            25.2018994
          ],
          [
            56.3625153,
            25.2023273
          ],
          [
            56.362567,
            25.202691
          ],
          [
            56.3626279,
            25.2030471
          ],
          [
            56.3628179,
            25.2046266
          ],
          [
            56.3628657,
            25.2049624
          ],
          [
            56.3628789,
            25.2051724
          ]
        ]
      },
      "properties": {
        "osm_id": 379533651,
        "kind": "coastline",
        "name": null
      }
    },
    {
      "type": "Feature",
      "geometry": {
        "type": "LineString",
        "coordinates": [
          [
            56.3575325,
            25.128422
          ],
          [
            56.3576605,
            25.1284259
          ]
        ]
      },
      "properties": {
        "osm_id": 544528784,
        "kind": "pier",
        "name": null
      }
    },
    {
      "type": "Feature",
      "geometry": {
        "type": "LineString",
        "coordinates": [
          [
            56.3583773,
            25.1282654
          ],
          [
            56.3583645,
            25.1284585
          ]
        ]
      },
      "properties": {
        "osm_id": 544528785,
        "kind": "pier",
        "name": null
      }
    },
    {
      "type": "Feature",
      "geometry": {
        "type": "LineString",
        "coordinates": [
          [
            56.3583586,
            25.1285957
          ],
          [
            56.3583645,
            25.1284585
          ]
        ]
      },
      "properties": {
        "osm_id": 544528786,
        "kind": "pier",
        "name": null
      }
    },
    {
      "type": "Feature",
      "geometry": {
        "type": "LineString",
        "coordinates": [
          [
            56.3582432,
            25.1285495
          ],
          [
            56.3582433,
            25.1284529
          ]
        ]
      },
      "properties": {
        "osm_id": 544528787,
        "kind": "pier",
        "name": null
      }
    },
    {
      "type": "Feature",
      "geometry": {
        "type": "LineString",
        "coordinates": [
          [
            56.3581735,
            25.1282581
          ],
          [
            56.3581682,
            25.1284494
          ]
        ]
      },
      "properties": {
        "osm_id": 544528788,
        "kind": "pier",
        "name": null
      }
    },
    {
      "type": "Feature",
      "geometry": {
        "type": "LineString",
        "coordinates": [
          [
            56.3581279,
            25.1285738
          ],
          [
            56.3581306,
            25.1284477
          ]
        ]
      },
      "properties": {
        "osm_id": 544528789,
        "kind": "pier",
        "name": null
      }
    },
    {
      "type": "Feature",
      "geometry": {
        "type": "LineString",
        "coordinates": [
          [
            56.3579911,
            25.1282533
          ],
          [
            56.357983,
            25.1284408
          ]
        ]
      },
      "properties": {
        "osm_id": 544528790,
        "kind": "pier",
        "name": null
      }
    },
    {
      "type": "Feature",
      "geometry": {
        "type": "LineString",
        "coordinates": [
          [
            56.3580072,
            25.1285447
          ],
          [
            56.3580126,
            25.1284422
          ]
        ]
      },
      "properties": {
        "osm_id": 544528791,
        "kind": "pier",
        "name": null
      }
    },
    {
      "type": "Feature",
      "geometry": {
        "type": "LineString",
        "coordinates": [
          [
            56.3579133,
            25.1285349
          ],
          [
            56.3579157,
            25.1284377
          ]
        ]
      },
      "properties": {
        "osm_id": 544528792,
        "kind": "pier",
        "name": null
      }
    },
    {
      "type": "Feature",
      "geometry": {
        "type": "LineString",
        "coordinates": [
          [
            56.3578033,
            25.1282314
          ],
          [
            56.3577928,
            25.128432
          ]
        ]
      },
      "properties": {
        "osm_id": 544528793,
        "kind": "pier",
        "name": null
      }
    },
    {
      "type": "Feature",
      "geometry": {
        "type": "LineString",
        "coordinates": [
          [
            56.3578248,
            25.1285349
          ],
          [
            56.3578225,
            25.1284334
          ]
        ]
      },
      "properties": {
        "osm_id": 544528794,
        "kind": "pier",
        "name": null
      }
    },
    {
      "type": "Feature",
      "geometry": {
        "type": "LineString",
        "coordinates": [
          [
            56.3577095,
            25.1285228
          ],
          [
            56.3577149,
            25.1284284
          ]
        ]
      },
      "properties": {
        "osm_id": 544528795,
        "kind": "pier",
        "name": null
      }
    },
    {
      "type": "Feature",
      "geometry": {
        "type": "LineString",
        "coordinates": [
          [
            56.3576605,
            25.1284259
          ],
          [
            56.3577149,
            25.1284284
          ],
          [
            56.3577928,
            25.128432
          ],
          [
            56.3578225,
            25.1284334
          ],
          [
            56.3579157,
            25.1284377
          ],
          [
            56.357983,
            25.1284408
          ],
          [
            56.3580126,
            25.1284422
          ],
          [
            56.3581306,
            25.1284477
          ],
          [
            56.3581682,
            25.1284494
          ],
          [
            56.3582433,
            25.1284529
          ],
          [
            56.3583645,
            25.1284585
          ],
          [
            56.3584954,
            25.1284645
          ]
        ]
      },
      "properties": {
        "osm_id": 544528796,
        "kind": "pier",
        "name": null
      }
    },
    {
      "type": "Feature",
      "geometry": {
        "type": "LineString",
        "coordinates": [
          [
            56.3588226,
            25.1273353
          ],
          [
            56.3588253,
            25.1272222
          ],
          [
            56.3588306,
            25.1271241
          ]
        ]
      },
      "properties": {
        "osm_id": 544528797,
        "kind": "pier",
        "name": null
      }
    },
    {
      "type": "Feature",
      "geometry": {
        "type": "LineString",
        "coordinates": [
          [
            56.3575244,
            25.1286005
          ],
          [
            56.3576486,
            25.1286067
          ]
        ]
      },
      "properties": {
        "osm_id": 544528798,
        "kind": "pier",
        "name": null
      }
    },
    {
      "type": "Feature",
      "geometry": {
        "type": "LineString",
        "coordinates": [
          [
            56.3575217,
            25.1285495
          ],
          [
            56.3576522,
            25.128552
          ]
        ]
      },
      "properties": {
        "osm_id": 544528800,
        "kind": "pier",
        "name": null
      }
    },
    {
      "type": "Feature",
      "geometry": {
        "type": "LineString",
        "coordinates": [
          [
            56.3575271,
            25.1284913
          ],
          [
            56.3576557,
            25.1284987
          ]
        ]
      },
      "properties": {
        "osm_id": 544528801,
        "kind": "pier",
        "name": null
      }
    },
    {
      "type": "Feature",
      "geometry": {
        "type": "LineString",
        "coordinates": [
          [
            56.3575271,
            25.128348
          ],
          [
            56.3576652,
            25.1283536
          ]
        ]
      },
      "properties": {
        "osm_id": 544528802,
        "kind": "pier",
        "name": null
      }
    },
    {
      "type": "Feature",
      "geometry": {
        "type": "LineString",
        "coordinates": [
          [
            56.3575324,
            25.1283019
          ],
          [
            56.3576683,
            25.1283069
          ]
        ]
      },
      "properties": {
        "osm_id": 544528803,
        "kind": "pier",
        "name": null
      }
    },
    {
      "type": "Feature",
      "geometry": {
        "type": "LineString",
        "coordinates": [
          [
            56.3575485,
            25.1282217
          ],
          [
            56.3576736,
            25.1282266
          ]
        ]
      },
      "properties": {
        "osm_id": 544528804,
        "kind": "pier",
        "name": null
      }
    },
    {
      "type": "Feature",
      "geometry": {
        "type": "LineString",
        "coordinates": [
          [
            56.3575539,
            25.128144
          ],
          [
            56.3576787,
            25.1281489
          ]
        ]
      },
      "properties": {
        "osm_id": 544528805,
        "kind": "pier",
        "name": null
      }
    },
    {
      "type": "Feature",
      "geometry": {
        "type": "LineString",
        "coordinates": [
          [
            56.3575539,
            25.1280736
          ],
          [
            56.3576832,
            25.1280809
          ]
        ]
      },
      "properties": {
        "osm_id": 544528806,
        "kind": "pier",
        "name": null
      }
    },
    {
      "type": "Feature",
      "geometry": {
        "type": "LineString",
        "coordinates": [
          [
            56.3575673,
            25.1280007
          ],
          [
            56.3576881,
            25.1280054
          ]
        ]
      },
      "properties": {
        "osm_id": 544528807,
        "kind": "pier",
        "name": null
      }
    },
    {
      "type": "Feature",
      "geometry": {
        "type": "LineString",
        "coordinates": [
          [
            56.3575727,
            25.127923
          ],
          [
            56.3576937,
            25.1279253
          ]
        ]
      },
      "properties": {
        "osm_id": 544528808,
        "kind": "pier",
        "name": null
      }
    },
    {
      "type": "Feature",
      "geometry": {
        "type": "LineString",
        "coordinates": [
          [
            56.3590211,
            25.127668
          ],
          [
            56.3589996,
            25.1279619
          ]
        ]
      },
      "properties": {
        "osm_id": 544528809,
        "kind": "pier",
        "name": null
      }
    },
    {
      "type": "Feature",
      "geometry": {
        "type": "LineString",
        "coordinates": [
          [
            56.3588654,
            25.1277468
          ],
          [
            56.3588735,
            25.127634
          ]
        ]
      },
      "properties": {
        "osm_id": 544528810,
        "kind": "pier",
        "name": null
      }
    },
    {
      "type": "Feature",
      "geometry": {
        "type": "LineString",
        "coordinates": [
          [
            56.3587797,
            25.1279521
          ],
          [
            56.3587935,
            25.1277425
          ]
        ]
      },
      "properties": {
        "osm_id": 544528811,
        "kind": "pier",
        "name": null
      }
    },
    {
      "type": "Feature",
      "geometry": {
        "type": "LineString",
        "coordinates": [
          [
            56.3587126,
            25.1276195
          ],
          [
            56.3587075,
            25.1277373
          ]
        ]
      },
      "properties": {
        "osm_id": 544528812,
        "kind": "pier",
        "name": null
      }
    },
    {
      "type": "Feature",
      "geometry": {
        "type": "LineString",
        "coordinates": [
          [
            56.3585987,
            25.1279449
          ],
          [
            56.3586076,
            25.1277313
          ],
          [
            56.3586121,
            25.1276195
          ]
        ]
      },
      "properties": {
        "osm_id": 544528813,
        "kind": "pier",
        "name": null
      }
    },
    {
      "type": "Feature",
      "geometry": {
        "type": "LineString",
        "coordinates": [
          [
            56.3575868,
            25.158872
          ],
          [
            56.3579321,
            25.1601238
          ],
          [
            56.3582039,
            25.1607189
          ],
          [
            56.3582647,
            25.1608521
          ],
          [
            56.3637042,
            25.1608715
          ],
          [
            56.3642514,
            25.1609978
          ],
          [
            56.3647878,
            25.1612406
          ],
          [
            56.3651204,
            25.1615901
          ],
          [
            56.3653672,
            25.1620466
          ],
          [
            56.3654637,
            25.1624932
          ],
          [
            56.3653779,
            25.1658531
          ],
          [
            56.3653779,
            25.1662804
          ],
          [
            56.365174,
            25.1664357
          ],
          [
            56.3649917,
            25.1662415
          ],
          [
            56.3650989,
            25.165892
          ],
          [
            56.3651419,
            25.1645034
          ],
          [
            56.3651419,
            25.1626098
          ],
          [
            56.3650238,
            25.1622213
          ],
          [
            56.3648844,
            25.1619009
          ],
          [
            56.3646591,
            25.1616387
          ],
          [
            56.3643265,
            25.1613959
          ],
          [
            56.3636613,
            25.1612017
          ],
          [
            56.3616925,
            25.1612478
          ],
          [
            56.3616872,
            25.1615804
          ],
          [
            56.3616193,
            25.1615804
          ],
          [
            56.361537,
            25.1615803
          ],
          [
            56.3605016,
            25.1615796
          ],
          [
            56.3604198,
            25.1615792
          ],
          [
            56.3603514,
            25.1615789
          ],
          [
            56.359414,
            25.1615744
          ],
          [
            56.3594127,
            25.1615106
          ],
          [
            56.359072,
            25.1615112
          ],
          [
            56.359068,
            25.1615744
          ],
          [
            56.3588789,
            25.1615768
          ],
          [
            56.358844,
            25.1661007
          ],
          [
            56.3604963,
            25.1660934
          ],
          [
            56.3606358,
            25.1661104
          ],
          [
            56.360754,
            25.1661702
          ],
          [
            56.3608342,
            25.1662707
          ],
          [
            56.3624006,
            25.1662803
          ],
          [
            56.3625094,
            25.1662252
          ],
          [
            56.3626528,
            25.1662221
          ],
          [
            56.3629264,
            25.1663046
          ],
          [
            56.3631422,
            25.1665219
          ],
          [
            56.3631769,
            25.1668178
          ],
          [
            56.3631236,
            25.1696754
          ],
          [
            56.3631086,
            25.1703296
          ],
          [
            56.3631373,
            25.1711463
          ]
        ]
      },
      "properties": {
        "osm_id": 567428535,
        "kind": "coastline",
        "name": null
      }
    },
    {
      "type": "Feature",
      "geometry": {
        "type": "LineString",
        "coordinates": [
          [
            56.3631373,
            25.1711463
          ],
          [
            56.3636074,
            25.1715433
          ],
          [
            56.364278,
            25.1723153
          ],
          [
            56.3648251,
            25.1732812
          ],
          [
            56.3652704,
            25.1743056
          ],
          [
            56.3655386,
            25.1750532
          ],
          [
            56.365721,
            25.1758931
          ],
          [
            56.3657693,
            25.1759659
          ],
          [
            56.3657907,
            25.1760145
          ],
          [
            56.3657639,
            25.1760873
          ],
          [
            56.3656888,
            25.1761553
          ],
          [
            56.3655762,
            25.1761727
          ],
          [
            56.365485,
            25.176165
          ],
          [
            56.3653991,
            25.1761067
          ],
          [
            56.3654099,
            25.1760145
          ],
          [
            56.3654528,
            25.1759446
          ],
          [
            56.3654581,
            25.1758426
          ],
          [
            56.3654045,
            25.1757795
          ],
          [
            56.3653294,
            25.1757377
          ],
          [
            56.364911,
            25.1757426
          ],
          [
            56.3648949,
            25.176432
          ],
          [
            56.3641868,
            25.1764174
          ],
          [
            56.3642136,
            25.1738783
          ],
          [
            56.3641278,
            25.1736599
          ],
          [
            56.3614938,
            25.1719269
          ],
          [
            56.3594714,
            25.170582
          ],
          [
            56.3592104,
            25.1708973
          ],
          [
            56.3592032,
            25.1709947
          ],
          [
            56.3591292,
            25.1710026
          ],
          [
            56.3591299,
            25.1708886
          ],
          [
            56.3594096,
            25.1705432
          ],
          [
            56.35941,
            25.170358
          ],
          [
            56.3588895,
            25.1703526
          ],
          [
            56.35889,
            25.1708837
          ],
          [
            56.3588345,
            25.1708805
          ],
          [
            56.3588292,
            25.1706047
          ],
          [
            56.3587258,
            25.1706306
          ],
          [
            56.3587151,
            25.1708733
          ],
          [
            56.3583127,
            25.1708831
          ],
          [
            56.3583241,
            25.1718957
          ],
          [
            56.358965,
            25.1718931
          ],
          [
            56.3589601,
            25.1735751
          ],
          [
            56.3589693,
            25.1741061
          ],
          [
            56.3589457,
            25.1761601
          ],
          [
            56.3589327,
            25.1780819
          ],
          [
            56.3589292,
            25.1809201
          ],
          [
            56.3586581,
            25.1809304
          ],
          [
            56.3586365,
            25.186637
          ],
          [
            56.3609173,
            25.1866395
          ],
          [
            56.3610509,
            25.1865759
          ],
          [
            56.3662422,
            25.1839746
          ],
          [
            56.366498,
            25.1842241
          ],
          [
            56.3669238,
            25.1840188
          ],
          [
            56.3667812,
            25.1837793
          ],
          [
            56.367003,
            25.1836692
          ],
          [
            56.3671488,
            25.1838904
          ],
          [
            56.3678779,
            25.1835413
          ],
          [
            56.3680561,
            25.1831984
          ],
          [
            56.3681097,
            25.1826523
          ],
          [
            56.3681262,
            25.1824844
          ],
          [
            56.3681319,
            25.1823872
          ],
          [
            56.3681384,
            25.1823163
          ],
          [
            56.3681459,
            25.1822481
          ],
          [
            56.3687823,
            25.1756707
          ],
          [
            56.3687519,
            25.1752769
          ],
          [
            56.3687144,
            25.175073
          ],
          [
            56.3687144,
            25.1749177
          ],
          [
            56.3687715,
            25.1747822
          ],
          [
            56.3688914,
            25.1747186
          ],
          [
            56.3690309,
            25.1747526
          ],
          [
            56.3691382,
            25.174874
          ],
          [
            56.3691382,
            25.1750828
          ],
          [
            56.3690631,
            25.1754809
          ],
          [
            56.3690447,
            25.1756809
          ],
          [
            56.3684604,
            25.1816711
          ],
          [
            56.3684436,
            25.1817773
          ],
          [
            56.3684792,
            25.1819066
          ],
          [
            56.3685134,
            25.1820128
          ],
          [
            56.368559,
            25.182071
          ],
          [
            56.3686508,
            25.1821177
          ],
          [
            56.3687662,
            25.1821541
          ],
          [
            56.3708985,
            25.1822367
          ],
          [
            56.3713726,
            25.1822652
          ],
          [
            56.3717407,
            25.1823071
          ],
          [
            56.3721377,
            25.1824066
          ],
          [
            56.3723409,
            25.1824715
          ],
          [
            56.3725668,
            25.1825619
          ],
          [
            56.3727251,
            25.1826639
          ],
          [
            56.3733474,
            25.1831178
          ],
          [
            56.3741547,
            25.1837343
          ],
          [
            56.3749587,
            25.1843526
          ],
          [
            56.3757989,
            25.1850013
          ],
          [
            56.3762649,
            25.1853891
          ],
          [
            56.3763105,
            25.1854279
          ],
          [
            56.3763434,
            25.1854771
          ],
          [
            56.3763541,
            25.1855135
          ],
          [
            56.3763937,
            25.1855493
          ],
          [
            56.3764527,
            25.1856027
          ],
          [
            56.3765338,
            25.1856106
          ],
          [
            56.3766519,
            25.1856154
          ],
          [
            56.3769167,
            25.1858454
          ],
          [
            56.3769362,
            25.1858994
          ],
          [
            56.3769362,
            25.1859576
          ],
          [
            56.3769281,
            25.1860159
          ],
          [
            56.3768819,
            25.186059
          ],
          [
            56.3768389,
            25.1860881
          ],
          [
            56.3767531,
            25.18611
          ],
          [
            56.3766726,
            25.1861051
          ],
          [
            56.3764151,
            25.1859036
          ],
          [
            56.3764473,
            25.1858745
          ],
          [
            56.3764017,
            25.1858187
          ],
          [
            56.3761335,
            25.1861051
          ],
          [
            56.3755086,
            25.1862119
          ],
          [
            56.374433,
            25.1853672
          ],
          [
            56.3729631,
            25.184224
          ],
          [
            56.3721324,
            25.1835753
          ],
          [
            56.3714468,
            25.1839133
          ],
          [
            56.369531,
            25.1848662
          ],
          [
            56.3682987,
            25.1854786
          ],
          [
            56.3671384,
            25.1860589
          ],
          [
            56.3658908,
            25.1866688
          ],
          [
            56.3646537,
            25.1872847
          ],
          [
            56.3629561,
            25.1881421
          ],
          [
            56.3629448,
            25.192435
          ],
          [
            56.3629228,
            25.1965654
          ],
          [
            56.3633713,
            25.1965658
          ],
          [
            56.3633705,
            25.1969319
          ],
          [
            56.3640938,
            25.1969213
          ],
          [
            56.3665221,
            25.1963405
          ],
          [
            56.3740376,
            25.1945964
          ],
          [
            56.3812987,
            25.1928642
          ],
          [
            56.3817268,
            25.1896101
          ],
          [
            56.3824107,
            25.1858617
          ],
          [
            56.3823053,
            25.1857731
          ],
          [
            56.3823481,
            25.1854594
          ],
          [
            56.3825413,
            25.1853975
          ],
          [
            56.3827613,
            25.1841143
          ],
          [
            56.3828667,
            25.1840236
          ],
          [
            56.3830371,
            25.1840086
          ],
          [
            56.3832313,
            25.1841552
          ],
          [
            56.3819084,
            25.1933714
          ],
          [
            56.3783652,
            25.1941924
          ],
          [
            56.3743582,
            25.195132
          ],
          [
            56.3656423,
            25.1972263
          ],
          [
            56.3651953,
            25.1975364
          ],
          [
            56.3651309,
            25.1989432
          ],
          [
            56.3651411,
            25.2009426
          ],
          [
            56.3649035,
            25.2010856
          ],
          [
            56.3626404,
            25.2015868
          ]
        ]
      },
      "properties": {
        "osm_id": 567428536,
        "kind": "coastline",
        "name": null
      }
    },
    {
      "type": "Feature",
      "geometry": {
        "type": "LineString",
        "coordinates": [
          [
            56.3761872,
            25.242891
          ],
          [
            56.3761872,
            25.2431772
          ],
          [
            56.3760638,
            25.2434344
          ],
          [
            56.3759136,
            25.24358
          ],
          [
            56.37564,
            25.2437134
          ],
          [
            56.3755247,
            25.2437571
          ],
          [
            56.3753772,
            25.2437668
          ],
          [
            56.3751921,
            25.2437571
          ],
          [
            56.3749748,
            25.2437546
          ],
          [
            56.3746878,
            25.2437813
          ],
          [
            56.3722926,
            25.2440652
          ],
          [
            56.3704607,
            25.2442932
          ],
          [
            56.3703158,
            25.2443296
          ],
          [
            56.3701335,
            25.2444339
          ],
          [
            56.3699752,
            25.2444825
          ],
          [
            56.3698384,
            25.24448
          ],
          [
            56.3696694,
            25.2444412
          ],
          [
            56.3694897,
            25.2444121
          ],
          [
            56.3692805,
            25.2444145
          ],
          [
            56.3646857,
            25.2450018
          ],
          [
            56.3648091,
            25.2451328
          ],
          [
            56.3649861,
            25.2452493
          ],
          [
            56.3652007,
            25.2453075
          ],
          [
            56.3653598,
            25.2453177
          ],
          [
            56.365394,
            25.2453389
          ],
          [
            56.3654509,
            25.2453929
          ],
          [
            56.365459,
            25.2454705
          ],
          [
            56.3654395,
            25.2455767
          ],
          [
            56.3655066,
            25.2456228
          ],
          [
            56.365579,
            25.2456616
          ],
          [
            56.3654127,
            25.2458048
          ],
          [
            56.3652545,
            25.2461419
          ],
          [
            56.3652116,
            25.2465252
          ],
          [
            56.365394,
            25.2472675
          ],
          [
            56.3656729,
            25.2480244
          ]
        ]
      },
      "properties": {
        "osm_id": 571029751,
        "kind": "coastline",
        "name": null
      }
    },
    {
      "type": "Feature",
      "geometry": {
        "type": "LineString",
        "coordinates": [
          [
            56.3593428,
            25.1004016
          ],
          [
            56.3601126,
            25.1004168
          ],
          [
            56.360354,
            25.1004775
          ],
          [
            56.3605632,
            25.1006014
          ],
          [
            56.3607054,
            25.1007222
          ],
          [
            56.3608314,
            25.1009171
          ],
          [
            56.3609092,
            25.1010556
          ],
          [
            56.3609253,
            25.1011916
          ],
          [
            56.3609495,
            25.1013392
          ],
          [
            56.3611909,
            25.1020514
          ],
          [
            56.361569,
            25.1031681
          ],
          [
            56.3616146,
            25.1032847
          ],
          [
            56.361612,
            25.1033606
          ],
          [
            56.3615664,
            25.1034061
          ],
          [
            56.3614886,
            25.1034353
          ],
          [
            56.3614081,
            25.1034262
          ],
          [
            56.3613572,
            25.1033576
          ],
          [
            56.3610997,
            25.1024006
          ],
          [
            56.3608985,
            25.1016889
          ],
          [
            56.3607778,
            25.1013659
          ],
          [
            56.360633,
            25.1013519
          ],
          [
            56.3604988,
            25.1012687
          ],
          [
            56.3604291,
            25.1011497
          ],
          [
            56.3604372,
            25.1010167
          ],
          [
            56.3604828,
            25.1008831
          ],
          [
            56.360413,
            25.10082
          ],
          [
            56.3602118,
            25.1006712
          ],
          [
            56.3601207,
            25.100868
          ],
          [
            56.3600804,
            25.1008588
          ],
          [
            56.360177,
            25.1006378
          ],
          [
            56.3597746,
            25.1005747
          ],
          [
            56.3592141,
            25.1005528
          ],
          [
            56.3591416,
            25.1005747
          ],
          [
            56.359088,
            25.1006281
          ],
          [
            56.359088,
            25.1007004
          ],
          [
            56.3590773,
            25.1007829
          ],
          [
            56.3592784,
            25.1007951
          ],
          [
            56.3592731,
            25.1008321
          ],
          [
            56.3590692,
            25.1008169
          ],
          [
            56.3590397,
            25.1009894
          ],
          [
            56.3590156,
            25.1010896
          ],
          [
            56.3589298,
            25.1011303
          ],
          [
            56.3588493,
            25.1011133
          ],
          [
            56.3588343,
            25.1011895
          ],
          [
            56.358808,
            25.1015014
          ],
          [
            56.3587876,
            25.1018274
          ],
          [
            56.3587581,
            25.1021364
          ],
          [
            56.3587179,
            25.1025269
          ],
          [
            56.3587205,
            25.1026143
          ],
          [
            56.3587286,
            25.102641
          ],
          [
            56.3596486,
            25.1026927
          ],
          [
            56.3597854,
            25.102624
          ],
          [
            56.3598658,
            25.1026168
          ],
          [
            56.3599812,
            25.1026192
          ],
          [
            56.3600456,
            25.1026653
          ],
          [
            56.3600053,
            25.1024565
          ],
          [
            56.3600429,
            25.1024492
          ],
          [
            56.3600751,
            25.1025633
          ],
          [
            56.3600563,
            25.1025706
          ],
          [
            56.3600751,
            25.1026556
          ],
          [
            56.3602226,
            25.1026508
          ],
          [
            56.3603084,
            25.1026611
          ],
          [
            56.360354,
            25.1027048
          ],
          [
            56.3603567,
            25.1027576
          ],
          [
            56.3605471,
            25.102768
          ],
          [
            56.36059,
            25.1027819
          ],
          [
            56.3606142,
            25.1028329
          ],
          [
            56.3605954,
            25.1028748
          ],
          [
            56.3605149,
            25.1029155
          ],
          [
            56.3603889,
            25.1029161
          ],
          [
            56.359037,
            25.1028281
          ]
        ]
      },
      "properties": {
        "osm_id": 591191228,
        "kind": "coastline",
        "name": null
      }
    },
    {
      "type": "Feature",
      "geometry": {
        "type": "LineString",
        "coordinates": [
          [
            56.359037,
            25.1028281
          ],
          [
            56.3589163,
            25.1030861
          ],
          [
            56.3587125,
            25.1033776
          ],
          [
            56.3583665,
            25.104116
          ],
          [
            56.3583048,
            25.1045896
          ],
          [
            56.3582136,
            25.1056656
          ],
          [
            56.3582699,
            25.106481
          ],
          [
            56.3583155,
            25.1070299
          ],
          [
            56.3583531,
            25.1076857
          ],
          [
            56.3584309,
            25.1082613
          ],
          [
            56.3585784,
            25.1091114
          ],
          [
            56.3587661,
            25.1097501
          ],
          [
            56.3589485,
            25.1103598
          ],
          [
            56.3592007,
            25.1107654
          ],
          [
            56.3594099,
            25.1107484
          ],
          [
            56.3607429,
            25.1106051
          ],
          [
            56.3617071,
            25.1104794
          ],
          [
            56.3621591,
            25.1103913
          ],
          [
            56.3625159,
            25.1103555
          ],
          [
            56.3631918,
            25.1102335
          ],
          [
            56.3633581,
            25.1102286
          ],
          [
            56.3636451,
            25.1102632
          ],
          [
            56.3638248,
            25.1102238
          ],
          [
            56.3642566,
            25.110299
          ],
          [
            56.3644524,
            25.1103749
          ],
          [
            56.3645463,
            25.1104253
          ],
          [
            56.3646268,
            25.1104229
          ],
          [
            56.3646616,
            25.1105006
          ],
          [
            56.3647475,
            25.1105443
          ],
          [
            56.3649299,
            25.1105443
          ],
          [
            56.3650667,
            25.1104254
          ],
          [
            56.3651873,
            25.1105643
          ],
          [
            56.3652464,
            25.1106512
          ],
          [
            56.3653671,
            25.1107216
          ],
          [
            56.3655682,
            25.1109305
          ],
          [
            56.3655468,
            25.1110058
          ],
          [
            56.3655468,
            25.1110811
          ],
          [
            56.3655977,
            25.1111758
          ],
          [
            56.3656487,
            25.1112365
          ],
          [
            56.365756,
            25.1112444
          ],
          [
            56.3658499,
            25.1112948
          ],
          [
            56.3659491,
            25.1114988
          ],
          [
            56.3660617,
            25.1117053
          ],
          [
            56.3661583,
            25.1118898
          ],
          [
            56.3662871,
            25.1121764
          ],
          [
            56.3663729,
            25.1124436
          ],
          [
            56.3664802,
            25.1126452
          ],
          [
            56.3665982,
            25.1128862
          ],
          [
            56.3669201,
            25.1128474
          ],
          [
            56.3668878,
            25.11299
          ],
          [
            56.3671535,
            25.1129148
          ],
          [
            56.3673091,
            25.1143039
          ],
          [
            56.3671911,
            25.1143817
          ],
          [
            56.3670863,
            25.1144697
          ],
          [
            56.3669845,
            25.1144697
          ],
          [
            56.3669898,
            25.1147004
          ],
          [
            56.3670381,
            25.1148898
          ],
          [
            56.3670434,
            25.115055
          ],
          [
            56.3670971,
            25.1152875
          ],
          [
            56.3671883,
            25.1153507
          ],
          [
            56.3672419,
            25.1154096
          ],
          [
            56.3672205,
            25.1156063
          ],
          [
            56.3674699,
            25.1156373
          ],
          [
            56.3675398,
            25.116106
          ],
          [
            56.3674861,
            25.1163003
          ],
          [
            56.3673788,
            25.1165091
          ],
          [
            56.3672017,
            25.1165753
          ],
          [
            56.3672312,
            25.1171964
          ],
          [
            56.3671856,
            25.1178618
          ],
          [
            56.3671051,
            25.1182698
          ],
          [
            56.3670649,
            25.1188484
          ],
          [
            56.3669549,
            25.119424
          ],
          [
            56.3667296,
            25.1199965
          ],
          [
            56.366515,
            25.1206747
          ],
          [
            56.3662844,
            25.121192
          ],
          [
            56.3657211,
            25.1221555
          ],
          [
            56.3652598,
            25.1229204
          ],
          [
            56.3644658,
            25.1241183
          ],
          [
            56.3640367,
            25.1247837
          ],
          [
            56.3637229,
            25.1252281
          ],
          [
            56.3633018,
            25.1256986
          ],
          [
            56.3631569,
            25.1258127
          ],
          [
            56.3630121,
            25.1258376
          ],
          [
            56.3628511,
            25.1258079
          ],
          [
            56.362768,
            25.1256986
          ],
          [
            56.3627412,
            25.1255747
          ],
          [
            56.3628055,
            25.1254412
          ],
          [
            56.3629423,
            25.1252785
          ],
          [
            56.3630094,
            25.1251473
          ],
          [
            56.3631247,
            25.1248541
          ],
          [
            56.3634841,
            25.1244091
          ],
          [
            56.3637497,
            25.1241061
          ],
          [
            56.3640796,
            25.1237024
          ],
          [
            56.36438,
            25.1232435
          ],
          [
            56.3647797,
            25.1225319
          ],
          [
            56.3651123,
            25.1219466
          ],
          [
            56.3652652,
            25.1216606
          ],
          [
            56.3655977,
            25.1211507
          ],
          [
            56.3658499,
            25.1206869
          ],
          [
            56.3660966,
            25.1203511
          ],
          [
            56.3662978,
            25.1198703
          ],
          [
            56.3663219,
            25.1195333
          ],
          [
            56.3664211,
            25.1189814
          ],
          [
            56.366507,
            25.1186542
          ],
          [
            56.3664374,
            25.1185008
          ],
          [
            56.3662987,
            25.1183726
          ],
          [
            56.3633939,
            25.117055
          ],
          [
            56.3631027,
            25.1168539
          ],
          [
            56.3627605,
            25.1163554
          ],
          [
            56.3625756,
            25.1162354
          ],
          [
            56.3625531,
            25.1160707
          ],
          [
            56.3621292,
            25.1160076
          ],
          [
            56.3618473,
            25.1160986
          ],
          [
            56.3615687,
            25.1161252
          ],
          [
            56.3607087,
            25.1159261
          ],
          [
            56.3603909,
            25.1158076
          ],
          [
            56.3602072,
            25.1158803
          ],
          [
            56.3597386,
            25.1158977
          ],
          [
            56.3592849,
            25.1158812
          ],
          [
            56.3587736,
            25.115713
          ],
          [
            56.3583488,
            25.1154619
          ],
          [
            56.3582109,
            25.1159872
          ],
          [
            56.3581455,
            25.1162367
          ],
          [
            56.3581254,
            25.1164183
          ],
          [
            56.3580854,
            25.1165823
          ],
          [
            56.3580042,
            25.1168687
          ],
          [
            56.357994,
            25.1169886
          ],
          [
            56.35805,
            25.1171994
          ],
          [
            56.3580151,
            25.1172936
          ],
          [
            56.3579963,
            25.117503
          ],
          [
            56.357991,
            25.1181344
          ],
          [
            56.3579588,
            25.1183767
          ],
          [
            56.3579427,
            25.1185758
          ],
          [
            56.3579266,
            25.118795
          ],
          [
            56.3579481,
            25.1189304
          ],
          [
            56.3581751,
            25.1190634
          ],
          [
            56.3583418,
            25.1193248
          ],
          [
            56.3582914,
            25.120861
          ],
          [
            56.3581385,
            25.1215749
          ],
          [
            56.3580071,
            25.1223521
          ],
          [
            56.3575755,
            25.12376
          ],
          [
            56.3575394,
            25.1241677
          ],
          [
            56.3575963,
            25.1245305
          ],
          [
            56.3580268,
            25.1245831
          ],
          [
            56.3581056,
            25.1245738
          ],
          [
            56.3582057,
            25.1245368
          ],
          [
            56.3582476,
            25.1245418
          ],
          [
            56.3582725,
            25.1245708
          ],
          [
            56.3582385,
            25.124696
          ],
          [
            56.3581677,
            25.1250026
          ],
          [
            56.3581179,
            25.1254986
          ],
          [
            56.3581432,
            25.1256644
          ],
          [
            56.3581894,
            25.1257808
          ],
          [
            56.3587558,
            25.1257898
          ],
          [
            56.3589754,
            25.1258856
          ],
          [
            56.359249,
            25.1260581
          ],
          [
            56.3594528,
            25.1262839
          ],
          [
            56.359595,
            25.1266093
          ],
          [
            56.3598069,
            25.1275491
          ],
          [
            56.3600644,
            25.1284937
          ],
          [
            56.3603799,
            25.1296215
          ],
          [
            56.3604389,
            25.1297696
          ],
          [
            56.3604175,
            25.1299056
          ],
          [
            56.3603719,
            25.1299881
          ],
          [
            56.3602977,
            25.1300187
          ],
          [
            56.3602253,
            25.1300333
          ],
          [
            56.3601743,
            25.1299993
          ],
          [
            56.3601314,
            25.129907
          ],
          [
            56.3601421,
            25.1297783
          ],
          [
            56.360118,
            25.1295476
          ],
          [
            56.3599759,
            25.1290134
          ],
          [
            56.3597613,
            25.1280566
          ],
          [
            56.3594528,
            25.1268157
          ],
          [
            56.3593804,
            25.1265122
          ],
          [
            56.359198,
            25.1262329
          ],
          [
            56.3590049,
            25.1260872
          ],
          [
            56.3587277,
            25.1259765
          ],
          [
            56.3584085,
            25.1259303
          ],
          [
            56.3579552,
            25.125906
          ],
          [
            56.3579498,
            25.1259376
          ],
          [
            56.3578721,
            25.1259182
          ],
          [
            56.3578399,
            25.1260906
          ],
          [
            56.3578023,
            25.1260979
          ],
          [
            56.3577738,
            25.1263033
          ],
          [
            56.3577952,
            25.1263082
          ],
          [
            56.3577952,
            25.1263373
          ],
          [
            56.3577872,
            25.1263543
          ],
          [
            56.3577362,
            25.1272188
          ],
          [
            56.3577365,
            25.1272554
          ],
          [
            56.3576584,
            25.1272504
          ],
          [
            56.3576504,
            25.1272261
          ],
          [
            56.3575556,
            25.1272222
          ],
          [
            56.3575565,
            25.1272431
          ],
          [
            56.3572686,
            25.127215
          ],
          [
            56.3572256,
            25.1272368
          ],
          [
            56.3571908,
            25.1272732
          ],
          [
            56.3571676,
            25.1273378
          ],
          [
            56.3571649,
            25.1274447
          ],
          [
            56.357172,
            25.1275671
          ],
          [
            56.3571783,
            25.1276657
          ],
          [
            56.3571729,
            25.1277045
          ],
          [
            56.3571515,
            25.1277288
          ],
          [
            56.35713,
            25.1277531
          ],
          [
            56.3571273,
            25.1277895
          ],
          [
            56.3571354,
            25.1278332
          ],
          [
            56.3571559,
            25.1278779
          ],
          [
            56.3571381,
            25.1279036
          ],
          [
            56.3571408,
            25.1279303
          ],
          [
            56.3571676,
            25.1279692
          ],
          [
            56.3571649,
            25.128756
          ],
          [
            56.3571944,
            25.1288167
          ],
          [
            56.3572212,
            25.1288434
          ],
          [
            56.3573392,
            25.1288507
          ],
          [
            56.3573473,
            25.128824
          ],
          [
            56.3577308,
            25.128841
          ],
          [
            56.3577308,
            25.1288701
          ],
          [
            56.3581261,
            25.1288923
          ],
          [
            56.3581546,
            25.128892
          ],
          [
            56.3583343,
            25.1288847
          ],
          [
            56.3586321,
            25.128926
          ],
          [
            56.3591551,
            25.1289843
          ],
          [
            56.3591756,
            25.1290168
          ],
          [
            56.3591783,
            25.1290557
          ],
          [
            56.3591649,
            25.1290969
          ],
          [
            56.3591229,
            25.1291348
          ],
          [
            56.3590469,
            25.1291406
          ],
          [
            56.3587018,
            25.1291105
          ],
          [
            56.3582873,
            25.1290564
          ],
          [
            56.3578806,
            25.1296117
          ],
          [
            56.357621,
            25.1301421
          ],
          [
            56.357577,
            25.1304202
          ],
          [
            56.3575971,
            25.1305262
          ],
          [
            56.3576334,
            25.1306371
          ],
          [
            56.3577046,
            25.1308444
          ],
          [
            56.357986,
            25.1308731
          ],
          [
            56.3583322,
            25.1307529
          ],
          [
            56.3583693,
            25.1307562
          ],
          [
            56.3583983,
            25.1307734
          ],
          [
            56.3584338,
            25.1308256
          ],
          [
            56.3583863,
            25.1308691
          ],
          [
            56.3579771,
            25.1310053
          ],
          [
            56.3569118,
            25.1309177
          ],
          [
            56.3567053,
            25.1317006
          ],
          [
            56.356728,
            25.1336002
          ],
          [
            56.3567465,
            25.13463
          ],
          [
            56.3567894,
            25.1349117
          ],
          [
            56.3568564,
            25.1350671
          ],
          [
            56.3569065,
            25.1351245
          ],
          [
            56.3574815,
            25.1351205
          ],
          [
            56.3576816,
            25.1350657
          ],
          [
            56.3578291,
            25.1351434
          ],
          [
            56.3579025,
            25.1351958
          ],
          [
            56.3578141,
            25.1352273
          ],
          [
            56.3577702,
            25.1352769
          ],
          [
            56.3577148,
            25.1353196
          ],
          [
            56.3576397,
            25.1353584
          ],
          [
            56.3575834,
            25.1355187
          ],
          [
            56.3575271,
            25.1359898
          ],
          [
            56.3576129,
            25.1363904
          ],
          [
            56.3577604,
            25.1368008
          ],
          [
            56.3579562,
            25.1371553
          ],
          [
            56.3580706,
            25.1372001
          ],
          [
            56.3581001,
            25.1372462
          ],
          [
            56.3577084,
            25.1372632
          ],
          [
            56.3576236,
            25.1373569
          ],
          [
            56.3575073,
            25.1373353
          ],
          [
            56.3574466,
            25.1372719
          ],
          [
            56.3567294,
            25.1372701
          ],
          [
            56.356658,
            25.1372962
          ],
          [
            56.3565882,
            25.1373763
          ],
          [
            56.3565051,
            25.1375269
          ],
          [
            56.3564863,
            25.1377673
          ],
          [
            56.3564713,
            25.1381107
          ],
          [
            56.3566546,
            25.1405934
          ],
          [
            56.3568351,
            25.1429705
          ],
          [
            56.3568719,
            25.1431708
          ],
          [
            56.3569913,
            25.1433257
          ],
          [
            56.3578449,
            25.1433275
          ],
          [
            56.3579064,
            25.1433586
          ],
          [
            56.3578982,
            25.1434156
          ],
          [
            56.3577943,
            25.1434543
          ],
          [
            56.3570259,
            25.1434882
          ],
          [
            56.3569816,
            25.1435963
          ],
          [
            56.3569371,
            25.1454545
          ],
          [
            56.3563483,
            25.1454684
          ],
          [
            56.3568372,
            25.1512945
          ],
          [
            56.3572345,
            25.1557727
          ],
          [
            56.3575868,
            25.158872
          ]
        ]
      },
      "properties": {
        "osm_id": 591191229,
        "kind": "coastline",
        "name": null
      }
    },
    {
      "type": "Feature",
      "geometry": {
        "type": "LineString",
        "coordinates": [
          [
            56.3614136,
            25.1632507
          ],
          [
            56.3618052,
            25.1632507
          ],
          [
            56.3617945,
            25.1629132
          ],
          [
            56.3616765,
            25.1629084
          ],
          [
            56.3616872,
            25.1615804
          ],
          [
            56.3616193,
            25.1615804
          ],
          [
            56.361537,
            25.1615803
          ],
          [
            56.3615343,
            25.1629035
          ],
          [
            56.3614163,
            25.1629035
          ],
          [
            56.3614136,
            25.1632507
          ]
        ]
      },
      "properties": {
        "osm_id": 941407715,
        "kind": "pier",
        "name": null
      }
    },
    {
      "type": "Feature",
      "geometry": {
        "type": "LineString",
        "coordinates": [
          [
            56.36022,
            25.1634425
          ],
          [
            56.3606036,
            25.16344
          ],
          [
            56.3606063,
            25.1631002
          ],
          [
            56.3604882,
            25.1630929
          ],
          [
            56.3605016,
            25.1615796
          ],
          [
            56.3604198,
            25.1615792
          ],
          [
            56.3603514,
            25.1615789
          ],
          [
            56.3603461,
            25.163088
          ],
          [
            56.36022,
            25.163088
          ],
          [
            56.36022,
            25.1634425
          ]
        ]
      },
      "properties": {
        "osm_id": 941407716,
        "kind": "pier",
        "name": null
      }
    },
    {
      "type": "Feature",
      "geometry": {
        "type": "LineString",
        "coordinates": [
          [
            56.3681384,
            25.1823163
          ],
          [
            56.3678704,
            25.1823003
          ],
          [
            56.3678581,
            25.1824684
          ],
          [
            56.3681262,
            25.1824844
          ],
          [
            56.3681319,
            25.1823872
          ],
          [
            56.3681384,
            25.1823163
          ]
        ]
      },
      "properties": {
        "osm_id": 942093076,
        "kind": "pier",
        "name": null
      }
    },
    {
      "type": "Feature",
      "geometry": {
        "type": "LineString",
        "coordinates": [
          [
            56.3687662,
            25.1821541
          ],
          [
            56.3686508,
            25.1821177
          ],
          [
            56.368559,
            25.182071
          ],
          [
            56.3685134,
            25.1820128
          ],
          [
            56.3684792,
            25.1819066
          ],
          [
            56.3684436,
            25.1817773
          ],
          [
            56.3684604,
            25.1816711
          ],
          [
            56.3690447,
            25.1756809
          ],
          [
            56.3690631,
            25.1754809
          ],
          [
            56.3691382,
            25.1750828
          ],
          [
            56.3691382,
            25.174874
          ],
          [
            56.3690309,
            25.1747526
          ],
          [
            56.3688914,
            25.1747186
          ],
          [
            56.3687715,
            25.1747822
          ],
          [
            56.3687144,
            25.1749177
          ],
          [
            56.3687144,
            25.175073
          ],
          [
            56.3687519,
            25.1752769
          ],
          [
            56.3687823,
            25.1756707
          ],
          [
            56.3681459,
            25.1822481
          ],
          [
            56.3713914,
            25.1824229
          ],
          [
            56.3717669,
            25.1824763
          ],
          [
            56.3721049,
            25.1825442
          ],
          [
            56.3723946,
            25.1826705
          ],
          [
            56.3727111,
            25.1828161
          ],
          [
            56.3730007,
            25.1830249
          ],
          [
            56.3764661,
            25.1857628
          ],
          [
            56.3764017,
            25.1858187
          ],
          [
            56.3764473,
            25.1858745
          ],
          [
            56.3764151,
            25.1859036
          ],
          [
            56.3766726,
            25.1861051
          ],
          [
            56.3767531,
            25.18611
          ],
          [
            56.3768389,
            25.1860881
          ],
          [
            56.3768819,
            25.186059
          ],
          [
            56.3769281,
            25.1860159
          ],
          [
            56.3769362,
            25.1859576
          ],
          [
            56.3769362,
            25.1858994
          ],
          [
            56.3769167,
            25.1858454
          ],
          [
            56.3766519,
            25.1856154
          ],
          [
            56.3765338,
            25.1856106
          ],
          [
            56.3764527,
            25.1856027
          ],
          [
            56.3763937,
            25.1855493
          ],
          [
            56.3763541,
            25.1855135
          ],
          [
            56.3763434,
            25.1854771
          ],
          [
            56.3763105,
            25.1854279
          ],
          [
            56.3762649,
            25.1853891
          ],
          [
            56.3757989,
            25.1850013
          ],
          [
            56.3749587,
            25.1843526
          ],
          [
            56.3741547,
            25.1837343
          ],
          [
            56.3733474,
            25.1831178
          ],
          [
            56.3727251,
            25.1826639
          ],
          [
            56.3725668,
            25.1825619
          ],
          [
            56.3723409,
            25.1824715
          ],
          [
            56.3721377,
            25.1824066
          ],
          [
            56.3717407,
            25.1823071
          ],
          [
            56.3713726,
            25.1822652
          ],
          [
            56.3708985,
            25.1822367
          ],
          [
            56.3687662,
            25.1821541
          ]
        ]
      },
      "properties": {
        "osm_id": 1135530103,
        "kind": "breakwater",
        "name": null
      }
    },
    {
      "type": "Feature",
      "geometry": {
        "type": "LineString",
        "coordinates": [
          [
            56.3631373,
            25.1711463
          ],
          [
            56.3624865,
            25.1707277
          ],
          [
            56.3616657,
            25.1703975
          ],
          [
            56.3608289,
            25.1700917
          ],
          [
            56.3607189,
            25.1703927
          ],
          [
            56.3617194,
            25.1707131
          ],
          [
            56.3627547,
            25.1711986
          ],
          [
            56.363031,
            25.1714204
          ],
          [
            56.3634199,
            25.1717327
          ],
          [
            56.363951,
            25.1723832
          ],
          [
            56.3644284,
            25.1731552
          ],
          [
            56.3648629,
            25.1740582
          ],
          [
            56.3652438,
            25.1750558
          ],
          [
            56.3653994,
            25.1757258
          ],
          [
            56.3653294,
            25.1757377
          ],
          [
            56.3654045,
            25.1757795
          ],
          [
            56.3654581,
            25.1758426
          ],
          [
            56.3654528,
            25.1759446
          ],
          [
            56.3654099,
            25.1760145
          ],
          [
            56.3653991,
            25.1761067
          ],
          [
            56.365485,
            25.176165
          ],
          [
            56.3655762,
            25.1761727
          ],
          [
            56.3656888,
            25.1761553
          ],
          [
            56.3657639,
            25.1760873
          ],
          [
            56.3657907,
            25.1760145
          ],
          [
            56.3657693,
            25.1759659
          ],
          [
            56.365721,
            25.1758931
          ],
          [
            56.3655386,
            25.1750532
          ],
          [
            56.3652704,
            25.1743056
          ],
          [
            56.3648251,
            25.1732812
          ],
          [
            56.364278,
            25.1723153
          ],
          [
            56.3636074,
            25.1715433
          ],
          [
            56.3631373,
            25.1711463
          ]
        ]
      },
      "properties": {
        "osm_id": 1135530104,
        "kind": "breakwater",
        "name": null
      }
    }
  ]
}