{
  "type": "FeatureCollection",
  "bbox": [
    54.96074,
    24.951539,
    55.119816,
    25.095683
  ],
  "port": "jebel_ali",
  "features": [
    {
      "type": "Feature",
      "geometry": {
        "type": "LineString",
        "coordinates": [
          [
            54.9872144,
            24.971205
          ],
          [
            54.986749,
            24.9708495
          ],
          [
            54.98645,
            24.9706937
          ],
          [
            54.9861048,
            24.9706539
          ],
          [
            54.9857025,
            24.970716
          ],
          [
            54.9855366,
            24.9707873
          ],
          [
            54.9859392,
            24.9709757
          ],
          [
            54.9854568,
            24.9708205
          ],
          [
            54.9851047,
            24.9707063
          ],
          [
            54.9847726,
            24.9705105
          ],
          [
            54.9845432,
            24.9701997
          ],
          [
            54.9842382,
            24.9697326
          ],
          [
            54.9839632,
            24.9693539
          ],
          [
            54.983773,
            24.969226
          ],
          [
            54.9834116,
            24.9692852
          ],
          [
            54.9830949,
            24.9693029
          ],
          [
            54.9826978,
            24.9691792
          ],
          [
            54.9831598,
            24.9692313
          ],
          [
            54.9835111,
            24.9691856
          ],
          [
            54.9832111,
            24.9690352
          ],
          [
            54.982497,
            24.9687781
          ],
          [
            54.9816823,
            24.9684639
          ],
          [
            54.9808999,
            24.9680811
          ],
          [
            54.9809367,
            24.9681773
          ],
          [
            54.9811728,
            24.9683796
          ],
          [
            54.9819201,
            24.9688533
          ],
          [
            54.9823386,
            24.969114
          ],
          [
            54.9825746,
            24.9692332
          ],
          [
            54.9824073,
            24.9692169
          ],
          [
            54.9822017,
            24.969072
          ],
          [
            54.9817552,
            24.96889
          ],
          [
            54.9814315,
            24.9687954
          ],
          [
            54.9810284,
            24.968651
          ],
          [
            54.980665,
            24.9684346
          ],
          [
            54.9804516,
            24.9682213
          ],
          [
            54.9803283,
            24.9680113
          ],
          [
            54.9801163,
            24.9678666
          ],
          [
            54.9798116,
            24.9678523
          ],
          [
            54.9795173,
            24.9677569
          ],
          [
            54.9793203,
            24.9676998
          ],
          [
            54.9790701,
            24.9676457
          ],
          [
            54.9789364,
            24.9676097
          ],
          [
            54.9788076,
            24.9675714
          ],
          [
            54.9786506,
            24.9674891
          ],
          [
            54.9784379,
            24.9674126
          ],
          [
            54.9782596,
            24.9673517
          ],
          [
            54.9781329,
            24.9673042
          ],
          [
            54.9780553,
            24.9672757
          ],
          [
            54.9779529,
            24.9672245
          ],
          [
            54.9778242,
            24.9671593
          ],
          [
            54.977691,
            24.9671384
          ],
          [
            54.9775851,
            24.9670744
          ],
          [
            54.9775172,
            24.967042
          ],
          [
            54.9774663,
            24.967022
          ],
          [
            54.9772409,
            24.9669886
          ],
          [
            54.9771046,
            24.966931
          ],
          [
            54.9769347,
            24.966871
          ],
          [
            54.9766968,
            24.9667244
          ],
          [
            54.9761767,
            24.9664822
          ],
          [
            54.9759516,
            24.9663241
          ],
          [
            54.9754924,
            24.9660782
          ],
          [
            54.9750579,
            24.9659286
          ],
          [
            54.9749287,
            24.9659989
          ],
          [
            54.9747839,
            24.9659981
          ],
          [
            54.9746297,
            24.9659171
          ],
          [
            54.9742902,
            24.9658612
          ],
          [
            54.9739403,
            24.9658816
          ],
          [
            54.9736997,
            24.9658999
          ],
          [
            54.9731345,
            24.9659443
          ],
          [
            54.9726816,
            24.9660704
          ],
          [
            54.9719721,
            24.9661173
          ],
          [
            54.9717059,
            24.9661699
          ],
          [
            54.9715297,
            24.9662564
          ],
          [
            54.9712852,
            24.9664332
          ],
          [
            54.9709918,
            24.9665798
          ],
          [
            54.9708172,
            24.9666756
          ],
          [
            54.9711249,
            24.9667306
          ],
          [
            54.9713842,
            24.9667817
          ],
          [
            54.9715393,
            24.9667679
          ],
          [
            54.971742,
            24.9667294
          ],
          [
            54.9720405,
            24.9667749
          ],
          [
            54.9724513,
            24.9667877
          ],
          [
            54.9728482,
            24.9667526
          ],
          [
            54.9729317,
            24.966673
          ],
          [
            54.9730114,
            24.9666109
          ],
          [
            54.9730853,
            24.9666315
          ],
          [
            54.9731695,
            24.9667433
          ],
          [
            54.9732745,
            24.9667467
          ],
          [
            54.9734449,
            24.96666
          ],
          [
            54.9735427,
            24.966683
          ],
          [
            54.9736934,
            24.966666
          ],
          [
            54.9738237,
            24.9665598
          ],
          [
            54.9739147,
            24.9665552
          ],
          [
            54.9739969,
            24.9666055
          ],
          [
            54.9738642,
            24.9667404
          ],
          [
            54.9737123,
            24.9668819
          ],
          [
            54.9735365,
            24.9670299
          ],
          [
            54.9734361,
            24.9671389
          ],
          [
            54.9735223,
            24.9672391
          ],
          [
            54.9736693,
            24.9672822
          ],
          [
            54.9739052,
            24.9671236
          ],
          [
            54.9737747,
            24.9674044
          ],
          [
            54.973675,
            24.9675531
          ],
          [
            54.9734157,
            24.9676946
          ],
          [
            54.9731703,
            24.9677526
          ],
          [
            54.9728444,
            24.967706
          ],
          [
            54.9724305,
            24.9675753
          ],
          [
            54.9718936,
            24.9674159
          ],
          [
            54.9715191,
            24.9672833
          ],
          [
            54.971151,
            24.9671926
          ],
          [
            54.9706888,
            24.9670304
          ],
          [
            54.9703654,
            24.9669646
          ],
          [
            54.9701348,
            24.9668713
          ],
          [
            54.9699653,
            24.9668027
          ],
          [
            54.9698498,
            24.9668047
          ],
          [
            54.9697493,
            24.9667983
          ],
          [
            54.9696296,
            24.9668272
          ],
          [
            54.9694675,
            24.9668462
          ],
          [
            54.9693338,
            24.966846
          ],
          [
            54.9691966,
            24.9667933
          ],
          [
            54.9690484,
            24.966707
          ],
          [
            54.9688779,
            24.9665842
          ],
          [
            54.9686924,
            24.9664473
          ],
          [
            54.9684644,
            24.9663436
          ],
          [
            54.9681424,
            24.966282
          ],
          [
            54.9679333,
            24.9663134
          ],
          [
            54.9677791,
            24.966334
          ],
          [
            54.9676573,
            24.9663561
          ],
          [
            54.9675379,
            24.9663562
          ],
          [
            54.9674221,
            24.9663772
          ],
          [
            54.9672247,
            24.9664495
          ],
          [
            54.9671033,
            24.9664492
          ],
          [
            54.9669951,
            24.9664352
          ],
          [
            54.9669156,
            24.9664128
          ],
          [
            54.9668115,
            24.9664211
          ],
          [
            54.9666984,
            24.9664542
          ],
          [
            54.9665793,
            24.9664775
          ],
          [
            54.9665138,
            24.9664914
          ],
          [
            54.9664167,
            24.9664759
          ],
          [
            54.9663127,
            24.9664188
          ],
          [
            54.9661954,
            24.9663081
          ],
          [
            54.9659076,
            24.9661969
          ],
          [
            54.9656904,
            24.9660364
          ],
          [
            54.9654565,
            24.9658154
          ],
          [
            54.9652201,
            24.9657258
          ],
          [
            54.9650942,
            24.9656631
          ],
          [
            54.9649204,
            24.965509
          ],
          [
            54.9647224,
            24.9652892
          ],
          [
            54.9644559,
            24.9650926
          ],
          [
            54.9641559,
            24.9649555
          ],
          [
            54.9639026,
            24.964917
          ],
          [
            54.9637104,
            24.9648154
          ],
          [
            54.9635337,
            24.9648753
          ],
          [
            54.9632126,
            24.9648042
          ],
          [
            54.963119,
            24.9649205
          ],
          [
            54.9624127,
            24.9645048
          ],
          [
            54.9620711,
            24.9642043
          ],
          [
            54.9604756,
            24.9624062
          ],
          [
            54.9599562,
            24.9618676
          ],
          [
            54.9594371,
            24.9613895
          ],
          [
            54.9589216,
            24.9609123
          ],
          [
            54.9586895,
            24.9607259
          ],
          [
            54.9586234,
            24.9606728
          ],
          [
            54.9582393,
            24.9602789
          ],
          [
            54.9578995,
            24.9600076
          ],
          [
            54.9574295,
            24.9595398
          ],
          [
            54.9573223,
            24.9594929
          ],
          [
            54.9570858,
            24.959244
          ],
          [
            54.9567373,
            24.9588478
          ],
          [
            54.9563081,
            24.9584515
          ],
          [
            54.9555717,
            24.9579418
          ],
          [
            54.9548389,
            24.9574341
          ],
          [
            54.9545251,
            24.957189
          ],
          [
            54.9543049,
            24.9569012
          ],
          [
            54.953841,
            24.9563702
          ],
          [
            54.9527373,
            24.9553208
          ],
          [
            54.951891,
            24.9543171
          ],
          [
            54.9502873,
            24.9527994
          ],
          [
            54.9482101,
            24.9509729
          ],
          [
            54.9459756,
            24.9489979
          ],
          [
            54.9437777,
            24.9471224
          ],
          [
            54.9414555,
            24.945206
          ],
          [
            54.9391918,
            24.9434746
          ],
          [
            54.9375237,
            24.9422307
          ],
          [
            54.9357663,
            24.9408877
          ],
          [
            54.934109,
            24.939768
          ],
          [
            54.9336046,
            24.9394586
          ],
          [
            54.9328461,
            24.9390142
          ],
          [
            54.9318078,
            24.9384319
          ],
          [
            54.9308073,
            24.9378847
          ],
          [
            54.9296842,
            24.9372633
          ],
          [
            54.9286387,
            24.9367954
          ],
          [
            54.9276408,
            24.9363334
          ],
          [
            54.9265604,
            24.9356955
          ],
          [
            54.9258221,
            24.9353193
          ],
          [
            54.9253443,
            24.9351325
          ],
          [
            54.9246396,
            24.9349555
          ],
          [
            54.9239444,
            24.9347497
          ],
          [
            54.9231963,
            24.9346074
          ],
          [
            54.9227168,
            24.9345899
          ],
          [
            54.9222148,
            24.9345946
          ],
          [
            54.9217961,
            24.9345326
          ],
          [
            54.9211803,
            24.934444
          ],
          [
            54.9205162,
            24.9343776
          ]
        ]
      },
      "properties": {
        "osm_id": 10494515,
        "kind": "coastline",
        "name": null
      }
    },
    {
      "type": "Feature",
      "geometry": {
        "type": "LineString",
        "coordinates": [
          [
            54.9916101,
            25.0018549
          ],
          [
            54.9928993,
            25.0025881
          ],
          [
            54.9968486,
            25.0025029
          ],
          [
            55.0002964,
            25.0017928
          ],
          [
            55.0026471,
            25.0005145
          ],
          [
            55.0048489,
            24.999153
          ],
          [
            55.0064968,
            24.9975077
          ],
          [
            55.0071942,
            24.9972646
          ],
          [
            55.0077285,
            24.997322
          ],
          [
            55.0080879,
            24.9975398
          ],
          [
            55.0083314,
            24.9979025
          ],
          [
            55.008222,
            24.998484
          ],
          [
            55.0072296,
            24.9994816
          ],
          [
            55.005454,
            25.0007613
          ],
          [
            55.0034037,
            25.0019446
          ],
          [
            55.0012923,
            25.0027157
          ],
          [
            54.9996068,
            25.0032131
          ],
          [
            54.9970993,
            25.003554
          ],
          [
            54.9955635,
            25.0037812
          ],
          [
            54.9924919,
            25.0036676
          ],
          [
            54.9922639,
            25.0045281
          ],
          [
            54.993871,
            25.004889
          ],
          [
            54.9953128,
            25.0050879
          ],
          [
            54.9970993,
            25.0052299
          ],
          [
            54.998165,
            25.0052015
          ],
          [
            54.9998262,
            25.0052015
          ],
          [
            55.0015501,
            25.0049742
          ],
          [
            55.0028979,
            25.004747
          ],
          [
            55.0049873,
            25.004217
          ],
          [
            55.0070215,
            25.0034391
          ],
          [
            55.0087885,
            25.0026262
          ],
          [
            55.0095577,
            25.002143
          ],
          [
            55.0099826,
            25.0020584
          ],
          [
            55.0105126,
            25.002212
          ],
          [
            55.0108774,
            25.0025086
          ],
          [
            55.0109761,
            25.0028985
          ],
          [
            55.0108377,
            25.0033234
          ],
          [
            55.0103935,
            25.0036929
          ],
          [
            55.0083733,
            25.0045855
          ],
          [
            55.0056874,
            25.0054855
          ],
          [
            55.0043397,
            25.0057412
          ],
          [
            55.0019576,
            25.0060536
          ],
          [
            54.9992714,
            25.0063459
          ],
          [
            54.9966138,
            25.006344
          ],
          [
            54.9945605,
            25.0061389
          ],
          [
            54.9918155,
            25.0056015
          ],
          [
            54.9912068,
            25.0064513
          ],
          [
            54.9945919,
            25.0078716
          ],
          [
            54.9977092,
            25.0086571
          ],
          [
            55.0000621,
            25.0089624
          ],
          [
            55.0023023,
            25.0090362
          ],
          [
            55.0039552,
            25.0089239
          ],
          [
            55.0054336,
            25.0086906
          ],
          [
            55.0071985,
            25.0083396
          ],
          [
            55.0109203,
            25.0070629
          ],
          [
            55.0114707,
            25.007097
          ],
          [
            55.0120147,
            25.0073828
          ],
          [
            55.0122217,
            25.0078272
          ],
          [
            55.0121048,
            25.0082822
          ],
          [
            55.0114997,
            25.0087265
          ],
          [
            55.0094548,
            25.0094101
          ],
          [
            55.0068981,
            25.0099166
          ],
          [
            55.0042742,
            25.0101505
          ],
          [
            55.0017175,
            25.0102196
          ],
          [
            54.9990428,
            25.0100212
          ],
          [
            54.9963158,
            25.0095475
          ],
          [
            54.9930247,
            25.0084965
          ],
          [
            54.9907201,
            25.0074285
          ],
          [
            54.9899401,
            25.0082044
          ],
          [
            54.9927113,
            25.0101439
          ],
          [
            54.9944665,
            25.0111665
          ],
          [
            54.9970367,
            25.0121038
          ],
          [
            54.999074,
            25.0126435
          ],
          [
            55.001362,
            25.0130696
          ],
          [
            55.0033367,
            25.0131832
          ],
          [
            55.0051632,
            25.0130298
          ],
          [
            55.0074023,
            25.012638
          ],
          [
            55.0090535,
            25.0122326
          ],
          [
            55.0107283,
            25.0116901
          ],
          [
            55.0112636,
            25.0117396
          ],
          [
            55.0117164,
            25.0119944
          ],
          [
            55.0119385,
            25.0125116
          ],
          [
            55.0118612,
            25.0129491
          ],
          [
            55.0114589,
            25.0133555
          ],
          [
            55.0103925,
            25.0136686
          ],
          [
            55.0084023,
            25.0140196
          ],
          [
            55.0059368,
            25.0143249
          ],
          [
            55.0039635,
            25.0142625
          ],
          [
            55.0018635,
            25.0141489
          ],
          [
            54.9987292,
            25.0137513
          ],
          [
            54.9966919,
            25.013098
          ],
          [
            54.9938396,
            25.0119902
          ],
          [
            54.991959,
            25.0109961
          ],
          [
            54.9895324,
            25.0093712
          ],
          [
            54.9888017,
            25.010045
          ],
          [
            54.9910187,
            25.0125299
          ],
          [
            54.9938083,
            25.0146034
          ],
          [
            54.9965665,
            25.0161655
          ],
          [
            54.9988525,
            25.0169937
          ],
          [
            55.0013738,
            25.0176383
          ],
          [
            55.0040592,
            25.0180767
          ],
          [
            55.005984,
            25.0181633
          ],
          [
            55.0079463,
            25.0181448
          ],
          [
            55.0086243,
            25.0184676
          ],
          [
            55.0087949,
            25.0189731
          ],
          [
            55.0087703,
            25.0194213
          ],
          [
            55.0082006,
            25.0197898
          ],
          [
            55.0070075,
            25.019885
          ],
          [
            55.0051922,
            25.0197635
          ],
          [
            55.003394,
            25.0195584
          ],
          [
            55.0012965,
            25.0190762
          ],
          [
            54.9999829,
            25.0186366
          ],
          [
            54.9981023,
            25.0180685
          ],
          [
            54.9947173,
            25.0165348
          ],
          [
            54.9922725,
            25.0149726
          ],
          [
            54.9904859,
            25.0134388
          ],
          [
            54.9883859,
            25.0112233
          ],
          [
            54.9875701,
            25.0119953
          ],
          [
            54.9889187,
            25.0141489
          ],
          [
            54.9907993,
            25.0165064
          ],
          [
            54.9927113,
            25.0182105
          ],
          [
            54.9946447,
            25.0194816
          ],
          [
            54.9977496,
            25.0209389
          ],
          [
            55.0000327,
            25.0216817
          ],
          [
            55.0021345,
            25.0222271
          ],
          [
            55.0035002,
            25.0224662
          ],
          [
            55.0038843,
            25.0227686
          ],
          [
            55.0040152,
            25.0231273
          ],
          [
            55.0039144,
            25.0236435
          ],
          [
            55.0036429,
            25.023975
          ],
          [
            55.0030808,
            25.0241296
          ],
          [
            55.0020025,
            25.023975
          ],
          [
            55.000803,
            25.023662
          ],
          [
            54.9987645,
            25.0230418
          ],
          [
            54.9965093,
            25.0220676
          ],
          [
            54.9943725,
            25.0207383
          ],
          [
            54.9915829,
            25.0186934
          ],
          [
            54.9896396,
            25.016904
          ],
          [
            54.9881665,
            25.0151998
          ],
          [
            54.9872128,
            25.0138844
          ],
          [
            54.9860949,
            25.0145028
          ],
          [
            54.9873516,
            25.0178697
          ],
          [
            54.9883545,
            25.0196022
          ],
          [
            54.9894388,
            25.0208054
          ],
          [
            54.9903327,
            25.0217974
          ],
          [
            54.9920172,
            25.0231915
          ],
          [
            54.9939183,
            25.0244815
          ],
          [
            54.9951178,
            25.0251523
          ],
          [
            54.9955931,
            25.0255325
          ],
          [
            54.9958248,
            25.0260953
          ],
          [
            54.9956789,
            25.0265406
          ],
          [
            54.9953699,
            25.0268546
          ],
          [
            54.9947959,
            25.026945
          ],
          [
            54.9938003,
            25.02656
          ],
          [
            54.9924302,
            25.0255869
          ],
          [
            54.9909539,
            25.0244747
          ],
          [
            54.9894305,
            25.023
          ],
          [
            54.9881665,
            25.02142
          ],
          [
            54.9875396,
            25.0205679
          ],
          [
            54.9872889,
            25.0201703
          ],
          [
            54.9860038,
            25.0180117
          ],
          [
            54.9851657,
            25.0160214
          ],
          [
            54.9842549,
            25.0164094
          ],
          [
            54.9845031,
            25.0179854
          ],
          [
            54.9848379,
            25.0195201
          ],
          [
            54.9852102,
            25.0204986
          ],
          [
            54.9854494,
            25.021024
          ],
          [
            54.9854279,
            25.0213478
          ],
          [
            54.9851892,
            25.0215874
          ],
          [
            54.9847499,
            25.0216701
          ],
          [
            54.984302,
            25.0215033
          ],
          [
            54.983765,
            25.0209108
          ],
          [
            54.9833814,
            25.0202093
          ],
          [
            54.9829201,
            25.0192998
          ],
          [
            54.9825312,
            25.0188444
          ],
          [
            54.9821852,
            25.0186951
          ],
          [
            54.9818134,
            25.018718
          ],
          [
            54.9812389,
            25.0190364
          ],
          [
            54.9808344,
            25.0191803
          ],
          [
            54.9804964,
            25.0191754
          ],
          [
            54.9802427,
            25.0190933
          ],
          [
            54.9801426,
            25.0188638
          ],
          [
            54.9803933,
            25.0184378
          ],
          [
            54.980571,
            25.017981
          ],
          [
            54.9805056,
            25.0176767
          ],
          [
            54.9802057,
            25.0175192
          ],
          [
            54.9797148,
            25.0174624
          ],
          [
            54.9789611,
            25.0175129
          ],
          [
            54.9777461,
            25.0178104
          ],
          [
            54.97681,
            25.0180637
          ],
          [
            54.9753992,
            25.018369
          ],
          [
            54.9740001,
            25.0185216
          ],
          [
            54.9724836,
            25.0185605
          ],
          [
            54.9706656,
            25.0184521
          ],
          [
            54.9699527,
            25.0183048
          ],
          [
            54.9695809,
            25.0180331
          ],
          [
            54.9694511,
            25.0176563
          ],
          [
            54.9694629,
            25.0173301
          ],
          [
            54.9696973,
            25.0169471
          ],
          [
            54.9700814,
            25.0167108
          ],
          [
            54.9705846,
            25.0166875
          ],
          [
            54.9716725,
            25.0168314
          ],
          [
            54.9728951,
            25.0169184
          ],
          [
            54.9743483,
            25.0168844
          ],
          [
            54.9758197,
            25.0167099
          ],
          [
            54.9774167,
            25.0164128
          ],
          [
            54.9791902,
            25.0159447
          ],
          [
            54.9812958,
            25.0149549
          ],
          [
            54.9811156,
            25.0139788
          ],
          [
            54.9798372,
            25.0142408
          ],
          [
            54.9778502,
            25.0145588
          ],
          [
            54.9759072,
            25.0147143
          ],
          [
            54.9739309,
            25.0147255
          ],
          [
            54.971613,
            25.0145058
          ],
          [
            54.9697268,
            25.0141339
          ],
          [
            54.9676342,
            25.0135155
          ],
          [
            54.9662174,
            25.0128821
          ],
          [
            54.9658752,
            25.0125306
          ],
          [
            54.9657958,
            25.012081
          ],
          [
            54.9659278,
            25.0116994
          ],
          [
            54.9662475,
            25.0114728
          ],
          [
            54.9666305,
            25.0113649
          ],
          [
            54.9672506,
            25.0114952
          ],
          [
            54.9688374,
            25.0121505
          ],
          [
            54.9706801,
            25.0127275
          ],
          [
            54.9721682,
            25.0130659
          ],
          [
            54.9737893,
            25.0132895
          ],
          [
            54.9753573,
            25.0134037
          ],
          [
            54.9769409,
            25.0134349
          ],
          [
            54.9786978,
            25.0132316
          ],
          [
            54.9820715,
            25.012602
          ],
          [
            54.9819918,
            25.0112801
          ],
          [
            54.9794217,
            25.0113085
          ],
          [
            54.977509,
            25.0111209
          ],
          [
            54.9754271,
            25.0107042
          ],
          [
            54.9734621,
            25.0101982
          ],
          [
            54.9716575,
            25.0095676
          ],
          [
            54.9696786,
            25.0087743
          ],
          [
            54.9681594,
            25.0079993
          ],
          [
            54.9668145,
            25.0071471
          ],
          [
            54.9657362,
            25.0063532
          ],
          [
            54.9646387,
            25.005446
          ],
          [
            54.9640298,
            25.004817
          ],
          [
            54.9639161,
            25.0042807
          ],
          [
            54.9640239,
            25.0038791
          ],
          [
            54.9643125,
            25.0036647
          ],
          [
            54.9647277,
            25.0035165
          ],
          [
            54.9651687,
            25.0035743
          ],
          [
            54.965593,
            25.0038407
          ],
          [
            54.9662314,
            25.0044893
          ],
          [
            54.9675349,
            25.0056575
          ],
          [
            54.9686786,
            25.0064247
          ],
          [
            54.9699505,
            25.0072064
          ],
          [
            54.9713887,
            25.0080465
          ],
          [
            54.9734476,
            25.0089736
          ],
          [
            54.9755944,
            25.0095594
          ],
          [
            54.9774516,
            25.0098924
          ],
          [
            54.9796725,
            25.010098
          ],
          [
            54.981999,
            25.0101282
          ],
          [
            54.9836304,
            25.0100868
          ],
          [
            54.9837978,
            25.0090561
          ],
          [
            54.9818665,
            25.0088657
          ],
          [
            54.9789515,
            25.0082692
          ],
          [
            54.9768438,
            25.0075657
          ],
          [
            54.975065,
            25.0067638
          ],
          [
            54.9735918,
            25.0060821
          ],
          [
            54.9714918,
            25.004747
          ],
          [
            54.9700482,
            25.0038359
          ],
          [
            54.9688278,
            25.0029238
          ],
          [
            54.9676969,
            25.0018275
          ],
          [
            54.9667201,
            25.0007652
          ],
          [
            54.9658698,
            24.9997831
          ],
          [
            54.9651966,
            24.9989085
          ],
          [
            54.9650512,
            24.9983849
          ],
          [
            54.9651172,
            24.9980144
          ],
          [
            54.9654138,
            24.997692
          ],
          [
            54.9658478,
            24.9975715
          ],
          [
            54.9663574,
            24.9976142
          ],
          [
            54.9667431,
            24.9979152
          ],
          [
            54.9672833,
            24.9986659
          ],
          [
            54.9681046,
            24.9997656
          ],
          [
            54.9690643,
            25.0009111
          ],
          [
            54.9703078,
            25.0021868
          ],
          [
            54.9719729,
            25.0036156
          ],
          [
            54.9734991,
            25.0046128
          ],
          [
            54.9753391,
            25.0056454
          ],
          [
            54.9768642,
            25.0063114
          ],
          [
            54.9788147,
            25.0069799
          ],
          [
            54.9807228,
            25.0074456
          ],
          [
            54.9825591,
            25.0077388
          ],
          [
            54.9847902,
            25.008007
          ],
          [
            54.9848117,
            25.0071291
          ],
          [
            54.9818351,
            25.0061389
          ],
          [
            54.9797047,
            25.0051471
          ],
          [
            54.9778502,
            25.0039866
          ],
          [
            54.9756105,
            25.0023215
          ],
          [
            54.973924,
            25.0006096
          ],
          [
            54.9720341,
            24.9983007
          ],
          [
            54.9708003,
            24.9963871
          ],
          [
            54.9701742,
            24.9950982
          ],
          [
            54.9695943,
            24.9935146
          ],
          [
            54.9693368,
            24.9926292
          ],
          [
            54.9693449,
            24.9921518
          ],
          [
            54.9695552,
            24.991826
          ],
          [
            54.9699709,
            24.9916519
          ],
          [
            54.9704537,
            24.9916767
          ],
          [
            54.9708984,
            24.9919174
          ],
          [
            54.9711178,
            24.9922869
          ],
          [
            54.9714467,
            24.9935136
          ],
          [
            54.9719751,
            24.9949236
          ],
          [
            54.9729852,
            24.9970289
          ],
          [
            54.9739266,
            24.9986756
          ],
          [
            54.9753784,
            25.0003724
          ],
          [
            54.9768481,
            25.0017633
          ],
          [
            54.9786103,
            25.0031086
          ],
          [
            54.9806127,
            25.0042641
          ],
          [
            54.982205,
            25.0049934
          ],
          [
            54.9841421,
            25.0057309
          ],
          [
            54.9857494,
            25.0061217
          ],
          [
            54.9860037,
            25.0050697
          ],
          [
            54.9838063,
            25.0040021
          ],
          [
            54.9811514,
            25.0021717
          ],
          [
            54.9795157,
            25.0006565
          ],
          [
            54.9778582,
            24.9988438
          ],
          [
            54.976339,
            24.9968276
          ],
          [
            54.9754389,
            24.9952917
          ],
          [
            54.9746052,
            24.9935487
          ],
          [
            54.9740447,
            24.9920604
          ],
          [
            54.9735903,
            24.9904242
          ],
          [
            54.9735184,
            24.9896132
          ],
          [
            54.9737131,
            24.989234
          ],
          [
            54.9741122,
            24.9889549
          ],
          [
            54.9746133,
            24.9889515
          ],
          [
            54.9750913,
            24.9891985
          ],
          [
            54.9753031,
            24.9897042
          ],
          [
            54.9756331,
            24.9912941
          ],
          [
            54.9762553,
            24.9932856
          ],
          [
            54.9770085,
            24.9950987
          ],
          [
            54.977855,
            24.9966331
          ],
          [
            54.979283,
            24.9985929
          ],
          [
            54.9813735,
            25.0007336
          ],
          [
            54.9837038,
            25.0025597
          ],
          [
            54.9853456,
            25.0034687
          ],
          [
            54.9867493,
            25.0041508
          ],
          [
            54.9870873,
            25.0031853
          ],
          [
            54.9860038,
            25.0022473
          ],
          [
            54.9842172,
            25.0004577
          ],
          [
            54.9818351,
            24.9973613
          ],
          [
            54.9807695,
            24.9951455
          ],
          [
            54.9800486,
            24.9937251
          ],
          [
            54.9792894,
            24.9914156
          ],
          [
            54.9788791,
            24.9895272
          ],
          [
            54.9787079,
            24.9881191
          ],
          [
            54.97879,
            24.9874947
          ],
          [
            54.9790802,
            24.9871272
          ],
          [
            54.9795566,
            24.9870459
          ],
          [
            54.9800271,
            24.9871631
          ],
          [
            54.9803918,
            24.9874797
          ],
          [
            54.9805254,
            24.9880267
          ],
          [
            54.9806735,
            24.9896813
          ],
          [
            54.9810747,
            24.9916714
          ],
          [
            54.9817308,
            24.9942605
          ],
          [
            54.9828959,
            24.9966516
          ],
          [
            54.9850691,
            24.9997277
          ],
          [
            54.9878104,
            25.0024211
          ],
          [
            54.988585,
            25.0017637
          ],
          [
            54.9881665,
            25.0012815
          ],
          [
            54.9864113,
            24.9989521
          ],
          [
            54.9856904,
            24.9973045
          ],
          [
            54.9849381,
            24.9953728
          ],
          [
            54.9841859,
            24.9925888
          ],
          [
            54.9840178,
            24.9906269
          ],
          [
            54.98411,
            24.9886111
          ],
          [
            54.9844587,
            24.9870007
          ],
          [
            54.984978,
            24.9865115
          ],
          [
            54.9855123,
            24.9863754
          ],
          [
            54.9861635,
            24.9866603
          ],
          [
            54.9864157,
            24.9872768
          ],
          [
            54.9863266,
            24.9878885
          ],
          [
            54.9859897,
            24.9892033
          ],
          [
            54.9857923,
            24.9905754
          ],
          [
            54.9858084,
            24.9924804
          ],
          [
            54.9859411,
            24.9944921
          ],
          [
            54.986756,
            24.9967363
          ],
          [
            54.9881351,
            24.9993498
          ],
          [
            54.9891381,
            25.0007701
          ],
          [
            54.99041,
            25.001252
          ]
        ]
      },
      "properties": {
        "osm_id": 87183958,
        "kind": "coastline",
        "name": null
      }
    },
    {
      "type": "Feature",
      "geometry": {
        "type": "LineString",
        "coordinates": [
          [
            54.958452,
            24.9914503
          ],
          [
            54.9581033,
            24.9917031
          ],
          [
            54.9578404,
            24.9919754
          ],
          [
            54.9575776,
            24.992413
          ],
          [
            54.9573362,
            24.9928651
          ],
          [
            54.9572128,
            24.9932201
          ],
          [
            54.9572182,
            24.9935118
          ],
          [
            54.958213,
            24.9939441
          ],
          [
            54.958855,
            24.9942932
          ],
          [
            54.958855,
            24.9944328
          ],
          [
            54.9585982,
            24.9943513
          ],
          [
            54.9583543,
            24.9942699
          ],
          [
            54.9580205,
            24.9946539
          ],
          [
            54.9574684,
            24.9958524
          ],
          [
            54.9568393,
            24.9977374
          ],
          [
            54.9564028,
            24.999506
          ],
          [
            54.9562231,
            25.0020192
          ],
          [
            54.956236,
            25.004288
          ],
          [
            54.9565184,
            25.0065568
          ],
          [
            54.9571218,
            25.0089885
          ],
          [
            54.958059,
            25.011583
          ],
          [
            54.9591887,
            25.0139912
          ],
          [
            54.9609241,
            25.0166697
          ],
          [
            54.9616338,
            25.0176148
          ],
          [
            54.9622204,
            25.0181131
          ],
          [
            54.9624492,
            25.0185525
          ],
          [
            54.9625244,
            25.0187445
          ],
          [
            54.9625344,
            25.0190248
          ],
          [
            54.9624877,
            25.0192753
          ],
          [
            54.9622684,
            25.0196842
          ],
          [
            54.9620684,
            25.0200932
          ],
          [
            54.9621133,
            25.0204894
          ],
          [
            54.9631686,
            25.0217742
          ],
          [
            54.9646964,
            25.0231585
          ],
          [
            54.9656977,
            25.0238565
          ],
          [
            54.966391,
            25.0242637
          ],
          [
            54.9673667,
            25.0246825
          ],
          [
            54.9684965,
            25.02495
          ],
          [
            54.9698188,
            25.0250547
          ],
          [
            54.9702425,
            25.0250896
          ],
          [
            54.970679,
            25.0252641
          ],
          [
            54.9710898,
            25.0257062
          ],
          [
            54.9720655,
            25.0265554
          ],
          [
            54.9729513,
            25.0273232
          ],
          [
            54.9744534,
            25.0282887
          ],
          [
            54.9763535,
            25.0291844
          ],
          [
            54.9777015,
            25.0296032
          ],
          [
            54.9794218,
            25.0299405
          ],
          [
            54.9800509,
            25.0300103
          ],
          [
            54.9804617,
            25.0300568
          ],
          [
            54.980834,
            25.030243
          ],
          [
            54.9815658,
            25.0310805
          ],
          [
            54.982024,
            25.0316076
          ],
          [
            54.9826803,
            25.0320816
          ],
          [
            54.9839016,
            25.0328908
          ],
          [
            54.9847361,
            25.0333096
          ],
          [
            54.9854165,
            25.033484
          ],
          [
            54.9859814,
            25.0335189
          ],
          [
            54.9860969,
            25.0334259
          ],
          [
            54.9859814,
            25.0327163
          ],
          [
            54.9860841,
            25.0326349
          ],
          [
            54.9862253,
            25.032693
          ],
          [
            54.9864821,
            25.033961
          ],
          [
            54.9867517,
            25.0355197
          ],
          [
            54.9866233,
            25.035857
          ],
          [
            54.9863793,
            25.03595
          ],
          [
            54.9857246,
            25.0357988
          ],
          [
            54.985057,
            25.0357639
          ],
          [
            54.984184,
            25.0360431
          ],
          [
            54.9823867,
            25.0363804
          ],
          [
            54.9806663,
            25.0365665
          ],
          [
            54.9790615,
            25.036648
          ],
          [
            54.9770716,
            25.0364386
          ],
          [
            54.9758777,
            25.0363106
          ],
          [
            54.9744783,
            25.0358919
          ],
          [
            54.971962,
            25.0350776
          ],
          [
            54.969266,
            25.0335655
          ],
          [
            54.9672504,
            25.0319369
          ],
          [
            54.9654273,
            25.0298315
          ],
          [
            54.9642205,
            25.0278306
          ],
          [
            54.9634117,
            25.026202
          ],
          [
            54.9630651,
            25.0249806
          ],
          [
            54.962834,
            25.0246549
          ],
          [
            54.9619225,
            25.0238173
          ],
          [
            54.9609211,
            25.0227354
          ],
          [
            54.9592136,
            25.0207112
          ],
          [
            54.9580325,
            25.0190941
          ],
          [
            54.956171,
            25.0162555
          ],
          [
            54.9550797,
            25.0142196
          ],
          [
            54.9536161,
            25.0106362
          ],
          [
            54.9530256,
            25.0082744
          ],
          [
            54.9525634,
            25.005133
          ],
          [
            54.952435,
            25.0018752
          ],
          [
            54.9525763,
            24.9998972
          ],
          [
            54.9530384,
            24.9970814
          ],
          [
            54.953219,
            24.9965156
          ],
          [
            54.9544643,
            24.9928852
          ],
          [
            54.9547339,
            24.9925827
          ],
          [
            54.9549906,
            24.9925361
          ],
          [
            54.9551319,
            24.9925361
          ],
          [
            54.9559084,
            24.9928909
          ]
        ]
      },
      "properties": {
        "osm_id": 87186367,
        "kind": "coastline",
        "name": null
      }
    },
    {
      "type": "Feature",
      "geometry": {
        "type": "LineString",
        "coordinates": [
          [
            55.0196385,
            25.0217037
          ],
          [
            55.0195044,
            25.0217912
          ],
          [
            55.0193435,
            25.0219127
          ],
          [
            55.019145,
            25.0221072
          ],
          [
            55.0189948,
            25.0222627
          ],
          [
            55.0188607,
            25.0225106
          ],
          [
            55.0186408,
            25.022778
          ],
          [
            55.0183779,
            25.0231814
          ],
          [
            55.0182384,
            25.0234682
          ],
          [
            55.0182384,
            25.0236578
          ],
          [
            55.0190575,
            25.0240967
          ],
          [
            55.0192711,
            25.0243721
          ],
          [
            55.0192958,
            25.0245061
          ],
          [
            55.0190411,
            25.0248784
          ],
          [
            55.0174307,
            25.0267992
          ],
          [
            55.0159188,
            25.0283255
          ],
          [
            55.0149493,
            25.0291221
          ],
          [
            55.01361,
            25.0301941
          ],
          [
            55.0115148,
            25.0315714
          ],
          [
            55.0098961,
            25.0324871
          ],
          [
            55.0081707,
            25.0332986
          ],
          [
            55.0067575,
            25.0339463
          ],
          [
            55.0049498,
            25.034579
          ],
          [
            55.0031586,
            25.0351225
          ],
          [
            55.0009977,
            25.0356362
          ],
          [
            54.9990586,
            25.0359637
          ],
          [
            54.997775,
            25.0361221
          ],
          [
            54.9962979,
            25.0362838
          ],
          [
            54.9949369,
            25.0363661
          ],
          [
            54.9936839,
            25.036422
          ],
          [
            54.9910649,
            25.0364033
          ],
          [
            54.9897092,
            25.0363196
          ],
          [
            54.9894524,
            25.0361428
          ],
          [
            54.9893189,
            25.0353704
          ],
          [
            54.9890211,
            25.0337791
          ],
          [
            54.9888773,
            25.032039
          ],
          [
            54.9889389,
            25.031918
          ],
          [
            54.989093,
            25.0319366
          ],
          [
            54.9891135,
            25.0321599
          ],
          [
            54.9891443,
            25.0325322
          ],
          [
            54.98936,
            25.0326625
          ],
          [
            54.9904179,
            25.0328486
          ],
          [
            54.991753,
            25.0329137
          ],
          [
            54.9940742,
            25.0329323
          ],
          [
            54.9958202,
            25.0327834
          ],
          [
            54.9967446,
            25.0327276
          ],
          [
            54.9986446,
            25.0325229
          ],
          [
            55.0003803,
            25.0321972
          ],
          [
            55.002342,
            25.031676
          ],
          [
            55.0048583,
            25.0308385
          ],
          [
            55.0073438,
            25.0297962
          ],
          [
            55.0084633,
            25.0291727
          ],
          [
            55.009932,
            25.0283352
          ],
          [
            55.0118834,
            25.0268927
          ],
          [
            55.0137835,
            25.0251059
          ],
          [
            55.0149749,
            25.0239798
          ],
          [
            55.0154781,
            25.0233563
          ],
          [
            55.015776,
            25.0227234
          ],
          [
            55.0156527,
            25.0225187
          ],
          [
            55.0153754,
            25.0223604
          ],
          [
            55.0153383,
            25.0222915
          ],
          [
            55.0154012,
            25.0222279
          ],
          [
            55.0156805,
            25.0223247
          ],
          [
            55.0166015,
            25.0227831
          ],
          [
            55.0170958,
            25.0230502
          ],
          [
            55.0172996,
            25.0228266
          ],
          [
            55.0175303,
            25.0224426
          ],
          [
            55.0177503,
            25.0221072
          ],
          [
            55.017938,
            25.0218982
          ],
          [
            55.0180453,
            25.0216551
          ],
          [
            55.0180292,
            25.0214996
          ],
          [
            55.0180936,
            25.0214169
          ],
          [
            55.0182331,
            25.0212857
          ],
          [
            55.0183296,
            25.0211447
          ],
          [
            55.0183618,
            25.0210329
          ]
        ]
      },
      "properties": {
        "osm_id": 87186736,
        "kind": "coastline",
        "name": null
      }
    },
    {
      "type": "Feature",
      "geometry": {
        "type": "LineString",
        "coordinates": [
          [
            55.0055821,
            24.9794949
          ],
          [
            55.0051157,
            24.979599
          ],
          [
            55.0044676,
            24.9800383
          ],
          [
            55.004067,
            24.9806992
          ],
          [
            55.0039746,
            24.9809785
          ],
          [
            55.0046579,
            24.9815781
          ],
          [
            55.0053048,
            24.9823386
          ],
          [
            55.0058563,
            24.9832304
          ],
          [
            55.0057748,
            24.9836057
          ],
          [
            55.0052973,
            24.9837078
          ],
          [
            55.0043811,
            24.9843662
          ],
          [
            55.0005595,
            24.9909231
          ],
          [
            54.9989083,
            24.993729
          ],
          [
            54.9969386,
            24.9972333
          ],
          [
            54.9968359,
            24.9975009
          ],
          [
            54.9966818,
            24.9976638
          ],
          [
            54.9964893,
            24.9978733
          ],
          [
            54.9961555,
            24.9981409
          ],
          [
            54.9959757,
            24.9985132
          ],
          [
            54.9959629,
            24.9988158
          ],
          [
            54.995796,
            24.999223
          ],
          [
            54.9952798,
            24.9997578
          ],
          [
            54.9947561,
            25.0000375
          ],
          [
            54.9944993,
            25.0004796
          ],
          [
            54.9940481,
            25.0013311
          ],
          [
            54.9923928,
            25.000519
          ],
          [
            54.9916101,
            25.0018549
          ]
        ]
      },
      "properties": {
        "osm_id": 87207967,
        "kind": "coastline",
        "name": null
      }
    },
    {
      "type": "Feature",
      "geometry": {
        "type": "LineString",
        "coordinates": [
          [
            55.0263496,
            24.989939
          ],
          [
            55.025978,
            24.9900238
          ],
          [
            55.0257453,
            24.9900769
          ],
          [
            55.0257136,
            24.9900902
          ],
          [
            55.0257158,
            24.9900994
          ],
          [
            55.025718,
            24.9901086
          ],
          [
            55.0257133,
            24.9901299
          ],
          [
            55.0256942,
            24.9901519
          ],
          [
            55.0256491,
            24.9901772
          ],
          [
            55.0256051,
            24.9901807
          ],
          [
            55.0255607,
            24.9901617
          ],
          [
            55.0255309,
            24.9901249
          ],
          [
            55.0255221,
            24.9900599
          ],
          [
            55.025527,
            24.989997
          ],
          [
            55.0255432,
            24.9899597
          ],
          [
            55.0255418,
            24.9899073
          ],
          [
            55.0255414,
            24.9898946
          ],
          [
            55.0255462,
            24.9898609
          ],
          [
            55.0255509,
            24.9898271
          ],
          [
            55.0255317,
            24.9897621
          ],
          [
            55.0255337,
            24.9897444
          ],
          [
            55.0255307,
            24.9897369
          ],
          [
            55.0255336,
            24.9897274
          ],
          [
            55.025536,
            24.9897197
          ],
          [
            55.0255378,
            24.9897085
          ],
          [
            55.0255399,
            24.98969
          ],
          [
            55.0255521,
            24.9896686
          ],
          [
            55.0255642,
            24.9896324
          ],
          [
            55.0255823,
            24.989592
          ],
          [
            55.0255977,
            24.9895364
          ],
          [
            55.0256259,
            24.9894531
          ],
          [
            55.0256695,
            24.9893607
          ],
          [
            55.0257157,
            24.9892443
          ],
          [
            55.0257282,
            24.9891991
          ],
          [
            55.0257275,
            24.9891653
          ],
          [
            55.0257203,
            24.9891384
          ],
          [
            55.0257101,
            24.9891088
          ],
          [
            55.0257054,
            24.989102
          ],
          [
            55.0257063,
            24.9890948
          ],
          [
            55.0257075,
            24.9890845
          ],
          [
            55.0257107,
            24.9890775
          ],
          [
            55.0257198,
            24.989064
          ],
          [
            55.0257781,
            24.9889931
          ],
          [
            55.0257853,
            24.988968
          ],
          [
            55.025778,
            24.9889315
          ],
          [
            55.0257964,
            24.9888883
          ],
          [
            55.0258163,
            24.9888643
          ],
          [
            55.0259701,
            24.9886462
          ],
          [
            55.0259301,
            24.9886107
          ],
          [
            55.0258818,
            24.9885678
          ],
          [
            55.0260505,
            24.9875984
          ],
          [
            55.0260882,
            24.9873821
          ],
          [
            55.024729,
            24.9871909
          ],
          [
            55.024613,
            24.9878287
          ],
          [
            55.0245923,
            24.9879306
          ],
          [
            55.0245809,
            24.9879865
          ],
          [
            55.0245848,
            24.9880484
          ],
          [
            55.0246219,
            24.9881245
          ],
          [
            55.0246424,
            24.9882098
          ],
          [
            55.0246496,
            24.9883346
          ],
          [
            55.0246266,
            24.9883838
          ],
          [
            55.0245921,
            24.9884121
          ],
          [
            55.0245756,
            24.9884137
          ],
          [
            55.024559,
            24.9884154
          ],
          [
            55.0245441,
            24.9884099
          ],
          [
            55.0245265,
            24.9884034
          ],
          [
            55.0245161,
            24.9883687
          ],
          [
            55.0244847,
            24.9883093
          ],
          [
            55.0244717,
            24.9882612
          ],
          [
            55.0244496,
            24.9882254
          ],
          [
            55.0243041,
            24.9882188
          ],
          [
            55.0240138,
            24.9882816
          ],
          [
            55.0238203,
            24.9883731
          ],
          [
            55.0236686,
            24.9884871
          ],
          [
            55.0236515,
            24.9886932
          ],
          [
            55.0235917,
            24.9890006
          ],
          [
            55.0235174,
            24.9893302
          ],
          [
            55.023506,
            24.9894554
          ],
          [
            55.0235337,
            24.9894841
          ],
          [
            55.0235677,
            24.9895335
          ],
          [
            55.023586,
            24.9896204
          ],
          [
            55.0235847,
            24.9897077
          ],
          [
            55.0235809,
            24.9898079
          ],
          [
            55.0236268,
            24.989925
          ],
          [
            55.0236735,
            24.9900055
          ],
          [
            55.0237362,
            24.9900699
          ],
          [
            55.0237526,
            24.9900853
          ],
          [
            55.0237712,
            24.9900779
          ],
          [
            55.0238662,
            24.9901665
          ],
          [
            55.023926,
            24.9902229
          ],
          [
            55.0239138,
            24.9902371
          ],
          [
            55.024007,
            24.9903319
          ],
          [
            55.024053,
            24.9903431
          ],
          [
            55.0241295,
            24.9903464
          ],
          [
            55.0241799,
            24.9903634
          ],
          [
            55.0243169,
            24.990423
          ],
          [
            55.0247469,
            24.990563
          ],
          [
            55.0252369,
            24.9907043
          ],
          [
            55.0253186,
            24.9907072
          ],
          [
            55.025396,
            24.9907292
          ],
          [
            55.0254427,
            24.9907612
          ],
          [
            55.0254753,
            24.9907951
          ],
          [
            55.025499,
            24.9908867
          ],
          [
            55.025597,
            24.9910814
          ],
          [
            55.0258904,
            24.9916864
          ],
          [
            55.0259351,
            24.9917422
          ],
          [
            55.0259912,
            24.9918039
          ],
          [
            55.0260122,
            24.9918829
          ],
          [
            55.0259716,
            24.9919616
          ],
          [
            55.0259065,
            24.9920008
          ],
          [
            55.0258306,
            24.9920089
          ],
          [
            55.0257502,
            24.9919903
          ],
          [
            55.0257071,
            24.9919437
          ],
          [
            55.0256754,
            24.9918602
          ],
          [
            55.0256469,
            24.9917416
          ],
          [
            55.0255946,
            24.9916025
          ],
          [
            55.0255006,
            24.9913941
          ],
          [
            55.0253564,
            24.9911911
          ],
          [
            55.0252287,
            24.991019
          ],
          [
            55.025153,
            24.990943
          ],
          [
            55.025041,
            24.9908999
          ],
          [
            55.0247689,
            24.9908231
          ],
          [
            55.0243122,
            24.99068
          ],
          [
            55.0240972,
            24.9906086
          ],
          [
            55.0239918,
            24.9905752
          ],
          [
            55.0239068,
            24.9905259
          ],
          [
            55.0237728,
            24.9904249
          ],
          [
            55.0237593,
            24.9904116
          ],
          [
            55.0235996,
            24.9902545
          ],
          [
            55.0234811,
            24.9901378
          ],
          [
            55.0234332,
            24.9900587
          ],
          [
            55.0233548,
            24.9898898
          ],
          [
            55.0232989,
            24.989746
          ],
          [
            55.023224,
            24.989625
          ],
          [
            55.023165,
            24.989542
          ],
          [
            55.0230804,
            24.9894601
          ],
          [
            55.0229775,
            24.9894046
          ],
          [
            55.0229519,
            24.9893317
          ],
          [
            55.0227736,
            24.9891982
          ],
          [
            55.0221111,
            24.9888472
          ],
          [
            55.0212846,
            24.9884609
          ],
          [
            55.0206811,
            24.9881946
          ],
          [
            55.0199422,
            24.9877457
          ],
          [
            55.0193397,
            24.9873241
          ],
          [
            55.0189586,
            24.9871143
          ],
          [
            55.0186963,
            24.9867695
          ],
          [
            55.0185359,
            24.9866243
          ],
          [
            55.01828,
            24.9863926
          ],
          [
            55.0177504,
            24.9860299
          ],
          [
            55.0173313,
            24.985871
          ],
          [
            55.0170576,
            24.9856919
          ],
          [
            55.016864,
            24.9855355
          ],
          [
            55.0168096,
            24.9853632
          ],
          [
            55.0167017,
            24.9852626
          ],
          [
            55.0164156,
            24.9851485
          ],
          [
            55.0162077,
            24.9851482
          ],
          [
            55.0160327,
            24.98516
          ],
          [
            55.0158925,
            24.985188
          ],
          [
            55.0157363,
            24.9852469
          ],
          [
            55.0155986,
            24.9853902
          ],
          [
            55.0154555,
            24.9856825
          ],
          [
            55.0152596,
            24.9862691
          ],
          [
            55.0152554,
            24.9864614
          ],
          [
            55.0151068,
            24.9872001
          ],
          [
            55.0149668,
            24.987958
          ],
          [
            55.0149031,
            24.9887967
          ],
          [
            55.0149328,
            24.990247
          ],
          [
            55.015162,
            24.9915358
          ],
          [
            55.0154121,
            24.9923713
          ],
          [
            55.0159723,
            24.9937658
          ],
          [
            55.0163375,
            24.9944019
          ],
          [
            55.0166516,
            24.9949136
          ],
          [
            55.0169572,
            24.9953137
          ],
          [
            55.0171312,
            24.9955291
          ],
          [
            55.017284,
            24.9956176
          ],
          [
            55.0174205,
            24.9956405
          ],
          [
            55.0176915,
            24.9955329
          ],
          [
            55.0180387,
            24.9955037
          ],
          [
            55.0183674,
            24.995541
          ],
          [
            55.0187782,
            24.9957793
          ],
          [
            55.018959,
            24.9959803
          ],
          [
            55.0195588,
            24.9969484
          ],
          [
            55.02002,
            24.9977619
          ],
          [
            55.0204068,
            24.9976352
          ],
          [
            55.0204744,
            24.9977631
          ],
          [
            55.0202998,
            24.9978256
          ],
          [
            55.0210328,
            24.9991828
          ],
          [
            55.0217873,
            25.0008105
          ],
          [
            55.0222358,
            25.0019763
          ],
          [
            55.0223565,
            25.0022565
          ],
          [
            55.0242741,
            25.001839
          ],
          [
            55.0244176,
            25.0017051
          ],
          [
            55.0244487,
            25.0015592
          ],
          [
            55.0243885,
            25.0012513
          ],
          [
            55.0239215,
            25.0001529
          ],
          [
            55.023432,
            24.9990196
          ],
          [
            55.0228575,
            24.997838
          ],
          [
            55.0221271,
            24.9964122
          ],
          [
            55.0219469,
            24.9963291
          ],
          [
            55.0212133,
            24.9961239
          ],
          [
            55.0210733,
            24.996059
          ],
          [
            55.021014,
            24.9959564
          ],
          [
            55.0210138,
            24.9958312
          ],
          [
            55.0210733,
            24.9957488
          ],
          [
            55.0211667,
            24.9956968
          ],
          [
            55.0223551,
            24.9955888
          ],
          [
            55.022496,
            24.9955942
          ],
          [
            55.0226057,
            24.9956656
          ],
          [
            55.0226499,
            24.9957877
          ],
          [
            55.0226306,
            24.99591
          ],
          [
            55.0224788,
            24.9962442
          ],
          [
            55.0224673,
            24.9964129
          ],
          [
            55.0228787,
            24.9971702
          ],
          [
            55.0233457,
            24.9981007
          ],
          [
            55.0237721,
            24.9990009
          ],
          [
            55.0241171,
            24.9998058
          ],
          [
            55.0245277,
            25.0008338
          ],
          [
            55.0248528,
            25.0017544
          ],
          [
            55.0249799,
            25.0018198
          ],
          [
            55.0250095,
            25.0019316
          ],
          [
            55.024958,
            25.0020318
          ],
          [
            55.0253335,
            25.0032321
          ],
          [
            55.0256805,
            25.0044884
          ],
          [
            55.025878,
            25.005422
          ],
          [
            55.026052,
            25.0063475
          ],
          [
            55.026159,
            25.0064257
          ],
          [
            55.0261684,
            25.0065494
          ],
          [
            55.0260987,
            25.006634
          ],
          [
            55.0262065,
            25.0073718
          ],
          [
            55.0263379,
            25.0083805
          ],
          [
            55.0264152,
            25.0093835
          ],
          [
            55.0264442,
            25.0102797
          ],
          [
            55.0264544,
            25.0111494
          ],
          [
            55.0264377,
            25.0117128
          ],
          [
            55.0265292,
            25.0118404
          ],
          [
            55.0265249,
            25.0119371
          ],
          [
            55.0264275,
            25.012038
          ],
          [
            55.0263841,
            25.0129495
          ],
          [
            55.0262859,
            25.013975
          ],
          [
            55.0260783,
            25.0153998
          ],
          [
            55.0259091,
            25.0162751
          ],
          [
            55.0257481,
            25.0169656
          ],
          [
            55.025742,
            25.0170898
          ],
          [
            55.0257964,
            25.0172169
          ],
          [
            55.0262631,
            25.0178054
          ],
          [
            55.0262977,
            25.0179055
          ],
          [
            55.0262902,
            25.017986
          ],
          [
            55.0262333,
            25.0180662
          ],
          [
            55.0261143,
            25.0181255
          ],
          [
            55.0259761,
            25.0181148
          ],
          [
            55.024995,
            25.0175242
          ],
          [
            55.0248748,
            25.017433
          ],
          [
            55.0248383,
            25.0173312
          ],
          [
            55.0248528,
            25.0172111
          ],
          [
            55.0249317,
            25.0171124
          ],
          [
            55.025349,
            25.0169087
          ],
          [
            55.0254512,
            25.0167867
          ],
          [
            55.0256154,
            25.0160034
          ],
          [
            55.0257953,
            25.0150719
          ],
          [
            55.0259472,
            25.0139189
          ],
          [
            55.0260603,
            25.0128572
          ],
          [
            55.026118,
            25.0117403
          ],
          [
            55.0261218,
            25.01074
          ],
          [
            55.0260944,
            25.0096489
          ],
          [
            55.0260024,
            25.0083548
          ],
          [
            55.0258605,
            25.0071846
          ],
          [
            55.0256532,
            25.0059162
          ],
          [
            55.0254188,
            25.0048637
          ],
          [
            55.0251661,
            25.0038146
          ],
          [
            55.0248528,
            25.0026759
          ],
          [
            55.024609,
            25.0026383
          ],
          [
            55.0243635,
            25.0026885
          ],
          [
            55.022592,
            25.0032281
          ],
          [
            55.0228959,
            25.0040997
          ],
          [
            55.0232596,
            25.0055519
          ],
          [
            55.0235096,
            25.0069238
          ],
          [
            55.0236034,
            25.0074505
          ],
          [
            55.0237488,
            25.0075743
          ],
          [
            55.0238754,
            25.0076836
          ],
          [
            55.023939,
            25.0078251
          ],
          [
            55.0239693,
            25.0082712
          ],
          [
            55.0239417,
            25.0084068
          ],
          [
            55.0238199,
            25.0085381
          ],
          [
            55.0237198,
            25.0087094
          ],
          [
            55.0237939,
            25.0101214
          ],
          [
            55.0237984,
            25.0116107
          ],
          [
            55.0237386,
            25.0128355
          ],
          [
            55.0235621,
            25.0143501
          ],
          [
            55.0233897,
            25.0154331
          ],
          [
            55.0231453,
            25.0165172
          ],
          [
            55.0228127,
            25.0177502
          ],
          [
            55.0225558,
            25.018606
          ],
          [
            55.0225488,
            25.0187936
          ],
          [
            55.0228028,
            25.0188884
          ],
          [
            55.0227661,
            25.0190221
          ],
          [
            55.0221813,
            25.0189075
          ],
          [
            55.0218372,
            25.0198339
          ],
          [
            55.0213499,
            25.0209175
          ],
          [
            55.0210151,
            25.0216298
          ],
          [
            55.0207978,
            25.0220731
          ],
          [
            55.0226904,
            25.0230278
          ],
          [
            55.0305381,
            25.0179337
          ],
          [
            55.0307606,
            25.0177893
          ],
          [
            55.0308169,
            25.0177859
          ],
          [
            55.0308821,
            25.0177891
          ],
          [
            55.0309257,
            25.0178282
          ],
          [
            55.0309621,
            25.0178693
          ],
          [
            55.030964,
            25.0179249
          ],
          [
            55.0309559,
            25.0179821
          ],
          [
            55.0227264,
            25.0233146
          ],
          [
            55.0201421,
            25.0219896
          ],
          [
            55.0196385,
            25.0217037
          ]
        ]
      },
      "properties": {
        "osm_id": 87207969,
        "kind": "coastline",
        "name": null
      }
    },
    {
      "type": "Feature",
      "geometry": {
        "type": "LineString",
        "coordinates": [
          [
            55.002,
            24.9779925
          ],
          [
            55.0017482,
            24.9777919
          ],
          [
            55.0013349,
            24.9774874
          ],
          [
            55.0000478,
            24.9766951
          ],
          [
            54.9991551,
            24.9762525
          ],
          [
            54.998433,
            24.9757739
          ],
          [
            54.9981755,
            24.975628
          ],
          [
            54.9979067,
            24.9755298
          ],
          [
            54.9971172,
            24.9753121
          ],
          [
            54.9958074,
            24.9749994
          ],
          [
            54.9953404,
            24.9749289
          ],
          [
            54.9931282,
            24.9740989
          ],
          [
            54.9919106,
            24.9738074
          ]
        ]
      },
      "properties": {
        "osm_id": 87207971,
        "kind": "coastline",
        "name": null
      }
    },
    {
      "type": "Feature",
      "geometry": {
        "type": "LineString",
        "coordinates": [
          [
            55.044294,
            25.0399549
          ],
          [
            55.0443038,
            25.0398546
          ],
          [
            55.045097,
            25.0395957
          ],
          [
            55.0456084,
            25.0393461
          ],
          [
            55.046109,
            25.0391965
          ],
          [
            55.0465619,
            25.039107
          ],
          [
            55.0471103,
            25.0391064
          ],
          [
            55.0476853,
            25.0391578
          ],
          [
            55.0481011,
            25.0392299
          ],
          [
            55.0482971,
            25.0391721
          ],
          [
            55.0481233,
            25.0390286
          ],
          [
            55.0479701,
            25.0387005
          ],
          [
            55.0476008,
            25.0384829
          ],
          [
            55.0472508,
            25.0384435
          ],
          [
            55.0466866,
            25.0386164
          ],
          [
            55.046013,
            25.0387095
          ],
          [
            55.0454174,
            25.0385689
          ],
          [
            55.0447726,
            25.0382698
          ],
          [
            55.0443499,
            25.0377924
          ],
          [
            55.044047,
            25.0371498
          ],
          [
            55.044041,
            25.0371029
          ],
          [
            55.0439751,
            25.0365903
          ],
          [
            55.0434837,
            25.0360573
          ],
          [
            55.0429699,
            25.0357342
          ],
          [
            55.0410279,
            25.0353358
          ]
        ]
      },
      "properties": {
        "osm_id": 169872557,
        "kind": "coastline",
        "name": null
      }
    },
    {
      "type": "Feature",
      "geometry": {
        "type": "LineString",
        "coordinates": [
          [
            54.9862614,
            25.0226269
          ],
          [
            54.9870876,
            25.0239394
          ],
          [
            54.9880853,
            25.0251546
          ],
          [
            54.988625,
            25.0256689
          ],
          [
            54.988861,
            25.0260869
          ],
          [
            54.9888578,
            25.0264378
          ],
          [
            54.9885821,
            25.0265632
          ],
          [
            54.9882463,
            25.0265642
          ],
          [
            54.9878493,
            25.0262823
          ],
          [
            54.9878279,
            25.0260295
          ],
          [
            54.9878386,
            25.0256407
          ],
          [
            54.9874631,
            25.0251351
          ],
          [
            54.9866477,
            25.0242407
          ],
          [
            54.9859932,
            25.0238908
          ],
          [
            54.9854782,
            25.0238908
          ],
          [
            54.9851135,
            25.0236866
          ],
          [
            54.9850384,
            25.0234338
          ],
          [
            54.9852454,
            25.0232773
          ],
          [
            54.985607,
            25.02322
          ],
          [
            54.9857786,
            25.0229672
          ],
          [
            54.9862614,
            25.0226269
          ]
        ]
      },
      "properties": {
        "osm_id": 200758511,
        "kind": "coastline",
        "name": null
      }
    },
    {
      "type": "Feature",
      "geometry": {
        "type": "LineString",
        "coordinates": [
          [
            54.99041,
            25.001252
          ],
          [
            54.9911144,
            24.9998864
          ],
          [
            54.9897545,
            24.9991948
          ],
          [
            54.999553,
            24.9818971
          ],
          [
            54.9996888,
            24.9815231
          ],
          [
            54.9996765,
            24.9808526
          ],
          [
            54.9996641,
            24.9805758
          ],
          [
            54.999735,
            24.980413
          ],
          [
            54.9998358,
            24.9803205
          ],
          [
            54.999979,
            24.9802161
          ],
          [
            55.0001013,
            24.9801722
          ],
          [
            55.0002473,
            24.980164
          ],
          [
            55.0006453,
            24.9803099
          ],
          [
            55.0018045,
            24.9803521
          ],
          [
            55.0019015,
            24.9803209
          ],
          [
            55.0019896,
            24.9802403
          ],
          [
            55.0022417,
            24.9798026
          ],
          [
            55.0024939,
            24.9792945
          ],
          [
            55.0026307,
            24.9791399
          ],
          [
            55.0024067,
            24.9784552
          ],
          [
            55.002,
            24.9779925
          ]
        ]
      },
      "properties": {
        "osm_id": 259942958,
        "kind": "coastline",
        "name": null
      }
    },
    {
      "type": "Feature",
      "geometry": {
        "type": "LineString",
        "coordinates": [
          [
            55.0685623,
            25.0308035
          ],
          [
            55.0682082,
            25.0306966
          ],
          [
            55.0675001,
            25.0309008
          ],
          [
            55.0670918,
            25.0308084
          ]
        ]
      },
      "properties": {
        "osm_id": 283800635,
        "kind": "pier",
        "name": null
      }
    },
    {
      "type": "Feature",
      "geometry": {
        "type": "LineString",
        "coordinates": [
          [
            55.0667949,
            25.0304594
          ],
          [
            55.0671609,
            25.0305355
          ],
          [
            55.0670918,
            25.0308084
          ],
          [
            55.0667258,
            25.0307323
          ],
          [
            55.0667469,
            25.0306487
          ],
          [
            55.0667949,
            25.0304594
          ]
        ]
      },
      "properties": {
        "osm_id": 283800644,
        "kind": "pier",
        "name": null
      }
    },
    {
      "type": "Feature",
      "geometry": {
        "type": "LineString",
        "coordinates": [
          [
            55.0667469,
            25.0306487
          ],
          [
            55.0662556,
            25.0305216
          ],
          [
            55.0658371,
            25.0301231
          ],
          [
            55.0652578,
            25.0299675
          ]
        ]
      },
      "properties": {
        "osm_id": 283800648,
        "kind": "pier",
        "name": null
      }
    },
    {
      "type": "Feature",
      "geometry": {
        "type": "LineString",
        "coordinates": [
          [
            54.9606729,
            24.9756816
          ],
          [
            54.9605803,
            24.9757106
          ],
          [
            54.9605162,
            24.9756202
          ],
          [
            54.9613245,
            24.9725442
          ],
          [
            54.9614135,
            24.9725087
          ],
          [
            54.9615061,
            24.9725861
          ],
          [
            54.9606729,
            24.9756816
          ]
        ]
      },
      "properties": {
        "osm_id": 286243870,
        "kind": "coastline",
        "name": null
      }
    },
    {
      "type": "Feature",
      "geometry": {
        "type": "LineString",
        "coordinates": [
          [
            54.9816766,
            25.0223
          ],
          [
            54.981812,
            25.0222653
          ],
          [
            54.981909,
            25.022287
          ],
          [
            54.9819689,
            25.0223641
          ],
          [
            54.9819857,
            25.022465
          ],
          [
            54.9819701,
            25.0226333
          ],
          [
            54.981994,
            25.0227939
          ],
          [
            54.981988,
            25.0229535
          ],
          [
            54.9819006,
            25.0231423
          ],
          [
            54.9817952,
            25.0232433
          ],
          [
            54.9816203,
            25.0232791
          ],
          [
            54.9815149,
            25.0232715
          ],
          [
            54.9813628,
            25.0231977
          ],
          [
            54.9812562,
            25.0230609
          ],
          [
            54.9812166,
            25.0229209
          ],
          [
            54.9812034,
            25.0228428
          ],
          [
            54.98114,
            25.0228004
          ],
          [
            54.9810693,
            25.0227733
          ],
          [
            54.9809818,
            25.0227798
          ],
          [
            54.9808393,
            25.0227635
          ],
          [
            54.9806357,
            25.0227147
          ],
          [
            54.9805782,
            25.0226843
          ],
          [
            54.980565,
            25.02263
          ],
          [
            54.9805949,
            25.0225725
          ],
          [
            54.9806572,
            25.0225345
          ],
          [
            54.9807375,
            25.0225084
          ],
          [
            54.9809339,
            25.0225302
          ],
          [
            54.9810549,
            25.0224846
          ],
          [
            54.9812885,
            25.0223576
          ],
          [
            54.9814538,
            25.0223456
          ],
          [
            54.9815281,
            25.0223152
          ],
          [
            54.9816766,
            25.0223
          ]
        ]
      },
      "properties": {
        "osm_id": 291523221,
        "kind": "coastline",
        "name": null
      }
    },
    {
      "type": "Feature",
      "geometry": {
        "type": "LineString",
        "coordinates": [
          [
            54.9827118,
            25.0246031
          ],
          [
            54.9827669,
            25.0246932
          ],
          [
            54.9827836,
            25.0247963
          ],
          [
            54.9827489,
            25.0248657
          ],
          [
            54.9826088,
            25.0250416
          ],
          [
            54.9824027,
            25.0251588
          ],
          [
            54.9823392,
            25.0252174
          ],
          [
            54.9823332,
            25.0252815
          ],
          [
            54.9823572,
            25.0253998
          ],
          [
            54.9823285,
            25.0255018
          ],
          [
            54.9822865,
            25.0255734
          ],
          [
            54.9821931,
            25.0256255
          ],
          [
            54.9819667,
            25.0256581
          ],
          [
            54.9817822,
            25.025631
          ],
          [
            54.9815115,
            25.0255582
          ],
          [
            54.9812743,
            25.0254605
          ],
          [
            54.9812264,
            25.0254117
          ],
          [
            54.981212,
            25.0253325
          ],
          [
            54.9812516,
            25.0251924
          ],
          [
            54.9813175,
            25.0250948
          ],
          [
            54.9813833,
            25.0250394
          ],
          [
            54.9816181,
            25.0249591
          ],
          [
            54.9816804,
            25.0249016
          ],
          [
            54.9817499,
            25.0247908
          ],
          [
            54.9818577,
            25.0247051
          ],
          [
            54.9819308,
            25.0246986
          ],
          [
            54.9819691,
            25.0247105
          ],
          [
            54.9819859,
            25.0247529
          ],
          [
            54.9820182,
            25.0247887
          ],
          [
            54.9820625,
            25.0247984
          ],
          [
            54.982108,
            25.0247691
          ],
          [
            54.9821871,
            25.0246573
          ],
          [
            54.9823105,
            25.0246085
          ],
          [
            54.9824027,
            25.0246215
          ],
          [
            54.9824399,
            25.0246378
          ],
          [
            54.9825177,
            25.0245824
          ],
          [
            54.9826064,
            25.0245618
          ],
          [
            54.9826675,
            25.0245683
          ],
          [
            54.9827118,
            25.0246031
          ]
        ]
      },
      "properties": {
        "osm_id": 291523223,
        "kind": "coastline",
        "name": null
      }
    },
    {
      "type": "Feature",
      "geometry": {
        "type": "LineString",
        "coordinates": [
          [
            54.9768422,
            25.0205756
          ],
          [
            54.9770242,
            25.0205626
          ],
          [
            54.9771177,
            25.0205745
          ],
          [
            54.9771644,
            25.0206125
          ],
          [
            54.9772291,
            25.0207526
          ],
          [
            54.9772518,
            25.0209208
          ],
          [
            54.9772255,
            25.0209631
          ],
          [
            54.9771404,
            25.0210098
          ],
          [
            54.977047,
            25.0210521
          ],
          [
            54.9769308,
            25.0211129
          ],
          [
            54.9768493,
            25.0211401
          ],
          [
            54.9765271,
            25.0212443
          ],
          [
            54.9763355,
            25.0212616
          ],
          [
            54.9762456,
            25.0212812
          ],
          [
            54.97603,
            25.0214744
          ],
          [
            54.9758156,
            25.0217099
          ],
          [
            54.9756487,
            25.021855
          ],
          [
            54.9754387,
            25.0219517
          ],
          [
            54.975254,
            25.0219655
          ],
          [
            54.9749525,
            25.0220622
          ],
          [
            54.9746984,
            25.0221282
          ],
          [
            54.9744951,
            25.0221297
          ],
          [
            54.974385,
            25.0220791
          ],
          [
            54.9742783,
            25.0220146
          ],
          [
            54.9741851,
            25.0219379
          ],
          [
            54.9740462,
            25.0218933
          ],
          [
            54.9738852,
            25.021812
          ],
          [
            54.9738276,
            25.0217322
          ],
          [
            54.973748,
            25.0214758
          ],
          [
            54.9737192,
            25.0212901
          ],
          [
            54.973787,
            25.0210306
          ],
          [
            54.973914,
            25.0207881
          ],
          [
            54.9740597,
            25.0206039
          ],
          [
            54.9742529,
            25.0204473
          ],
          [
            54.9743494,
            25.0204381
          ],
          [
            54.9744815,
            25.0204335
          ],
          [
            54.9747085,
            25.0203276
          ],
          [
            54.9750762,
            25.02028
          ],
          [
            54.9754641,
            25.0201418
          ],
          [
            54.975664,
            25.0200835
          ],
          [
            54.9757911,
            25.0200853
          ],
          [
            54.9758702,
            25.0200375
          ],
          [
            54.9759528,
            25.0199529
          ],
          [
            54.9760978,
            25.0199323
          ],
          [
            54.9762631,
            25.0198747
          ],
          [
            54.9763888,
            25.0198823
          ],
          [
            54.9765661,
            25.0199344
          ],
          [
            54.976656,
            25.0200191
          ],
          [
            54.9767362,
            25.0201678
          ],
          [
            54.976747,
            25.0203632
          ],
          [
            54.9767745,
            25.0204869
          ],
          [
            54.9768057,
            25.0205499
          ],
          [
            54.9768422,
            25.0205756
          ]
        ]
      },
      "properties": {
        "osm_id": 291523225,
        "kind": "coastline",
        "name": null
      }
    },
    {
      "type": "Feature",
      "geometry": {
        "type": "LineString",
        "coordinates": [
          [
            55.0268855,
            25.0304087
          ],
          [
            55.0296611,
            25.0347911
          ],
          [
            55.0296415,
            25.0348609
          ],
          [
            55.0295999,
            25.0349241
          ],
          [
            55.0295436,
            25.0349452
          ],
          [
            55.0294763,
            25.0349352
          ],
          [
            55.0294298,
            25.0349108
          ],
          [
            55.0266081,
            25.0305092
          ],
          [
            55.0266101,
            25.0304211
          ],
          [
            55.026662,
            25.0303599
          ],
          [
            55.0267365,
            25.0303317
          ],
          [
            55.0267918,
            25.0303411
          ],
          [
            55.0268855,
            25.0304087
          ]
        ]
      },
      "properties": {
        "osm_id": 291523808,
        "kind": "coastline",
        "name": null
      }
    },
    {
      "type": "Feature",
      "geometry": {
        "type": "LineString",
        "coordinates": [
          [
            55.0819317,
            25.0311196
          ],
          [
            55.0819929,
            25.0311707
          ],
          [
            55.0820442,
            25.0312219
          ]
        ]
      },
      "properties": {
        "osm_id": 360048197,
        "kind": "pier",
        "name": null
      }
    },
    {
      "type": "Feature",
      "geometry": {
        "type": "LineString",
        "coordinates": [
          [
            55.082305,
            25.0321157
          ],
          [
            55.082225,
            25.0320365
          ]
        ]
      },
      "properties": {
        "osm_id": 360048198,
        "kind": "pier",
        "name": null
      }
    },
    {
      "type": "Feature",
      "geometry": {
        "type": "LineString",
        "coordinates": [
          [
            55.0825019,
            25.0307238
          ],
          [
            55.0825526,
            25.0307825
          ],
          [
            55.0825771,
            25.0308069
          ]
        ]
      },
      "properties": {
        "osm_id": 360048199,
        "kind": "pier",
        "name": null
      }
    },
    {
      "type": "Feature",
      "geometry": {
        "type": "LineString",
        "coordinates": [
          [
            55.1031556,
            25.053773
          ],
          [
            55.1030649,
            25.0536371
          ]
        ]
      },
      "properties": {
        "osm_id": 360052316,
        "kind": "pier",
        "name": null
      }
    },
    {
      "type": "Feature",
      "geometry": {
        "type": "LineString",
        "coordinates": [
          [
            55.1022741,
            25.0528575
          ],
          [
            55.1021752,
            25.0527855
          ]
        ]
      },
      "properties": {
        "osm_id": 360052317,
        "kind": "pier",
        "name": null
      }
    },
    {
      "type": "Feature",
      "geometry": {
        "type": "LineString",
        "coordinates": [
          [
            55.0256043,
            24.9872879
          ],
          [
            55.0255422,
            24.9876368
          ],
          [
            55.0254771,
            24.9880022
          ],
          [
            55.0254262,
            24.9882886
          ],
          [
            55.0253963,
            24.9884564
          ]
        ]
      },
      "properties": {
        "osm_id": 368545749,
        "kind": "pier",
        "name": null
      }
    },
    {
      "type": "Feature",
      "geometry": {
        "type": "LineString",
        "coordinates": [
          [
            55.0254262,
            24.9882886
          ],
          [
            55.0250328,
            24.9882264
          ],
          [
            55.0249114,
            24.9882072
          ]
        ]
      },
      "properties": {
        "osm_id": 368545750,
        "kind": "pier",
        "name": null
      }
    },
    {
      "type": "Feature",
      "geometry": {
        "type": "LineString",
        "coordinates": [
          [
            55.0254771,
            24.9880022
          ],
          [
            55.0249802,
            24.9879277
          ]
        ]
      },
      "properties": {
        "osm_id": 368545751,
        "kind": "pier",
        "name": null
      }
    },
    {
      "type": "Feature",
      "geometry": {
        "type": "LineString",
        "coordinates": [
          [
            55.0255422,
            24.9876368
          ],
          [
            55.0249207,
            24.9875455
          ]
        ]
      },
      "properties": {
        "osm_id": 368545752,
        "kind": "pier",
        "name": null
      }
    },
    {
      "type": "Feature",
      "geometry": {
        "type": "LineString",
        "coordinates": [
          [
            55.0249467,
            24.9874394
          ],
          [
            55.0249207,
            24.9875455
          ],
          [
            55.0248947,
            24.9876482
          ]
        ]
      },
      "properties": {
        "osm_id": 368545753,
        "kind": "pier",
        "name": null
      }
    },
    {
      "type": "Feature",
      "geometry": {
        "type": "LineString",
        "coordinates": [
          [
            55.0250006,
            24.9878166
          ],
          [
            55.0249802,
            24.9879277
          ],
          [
            55.0249616,
            24.9880237
          ]
        ]
      },
      "properties": {
        "osm_id": 368545754,
        "kind": "pier",
        "name": null
      }
    },
    {
      "type": "Feature",
      "geometry": {
        "type": "LineString",
        "coordinates": [
          [
            55.0249969,
            24.9884008
          ],
          [
            55.0250328,
            24.9882264
          ]
        ]
      },
      "properties": {
        "osm_id": 368545755,
        "kind": "pier",
        "name": null
      }
    },
    {
      "type": "Feature",
      "geometry": {
        "type": "LineString",
        "coordinates": [
          [
            55.0244433,
            24.9889935
          ],
          [
            55.0245971,
            24.9883791
          ]
        ]
      },
      "properties": {
        "osm_id": 368545756,
        "kind": "pier",
        "name": null
      }
    },
    {
      "type": "Feature",
      "geometry": {
        "type": "LineString",
        "coordinates": [
          [
            55.082872,
            25.0302552
          ],
          [
            55.0831579,
            25.0301117
          ],
          [
            55.0835114,
            25.0298962
          ],
          [
            55.0838565,
            25.0296402
          ],
          [
            55.0839665,
            25.029694
          ],
          [
            55.0840002,
            25.0297416
          ],
          [
            55.083756,
            25.0299232
          ],
          [
            55.0833983,
            25.0301816
          ],
          [
            55.0832746,
            25.0303299
          ],
          [
            55.0832058,
            25.030365
          ],
          [
            55.0825526,
            25.0307825
          ],
          [
            55.0819929,
            25.0311707
          ],
          [
            55.0819137,
            25.0312211
          ],
          [
            55.0818227,
            25.0312482
          ],
          [
            55.0813558,
            25.0315672
          ],
          [
            55.0811989,
            25.031685
          ],
          [
            55.0811263,
            25.0317617
          ],
          [
            55.0810785,
            25.0318342
          ],
          [
            55.0810428,
            25.0319307
          ],
          [
            55.0810395,
            25.0321282
          ],
          [
            55.0811126,
            25.0323063
          ],
          [
            55.0812474,
            25.0324336
          ],
          [
            55.0815451,
            25.0325234
          ],
          [
            55.0816701,
            25.0325157
          ],
          [
            55.0817902,
            25.032484
          ],
          [
            55.0820179,
            25.0323363
          ],
          [
            55.082305,
            25.0321157
          ],
          [
            55.0824387,
            25.0320266
          ],
          [
            55.0824909,
            25.0319459
          ],
          [
            55.0825372,
            25.0318869
          ],
          [
            55.0826324,
            25.0318767
          ],
          [
            55.0826934,
            25.0319013
          ],
          [
            55.0827201,
            25.0319635
          ],
          [
            55.0827169,
            25.0320441
          ],
          [
            55.082639,
            25.0320961
          ],
          [
            55.0825468,
            25.0321313
          ],
          [
            55.0819611,
            25.0325759
          ],
          [
            55.0817984,
            25.0326438
          ],
          [
            55.081631,
            25.0326821
          ],
          [
            55.0814989,
            25.0326763
          ],
          [
            55.0812472,
            25.0326367
          ],
          [
            55.0810223,
            25.0324853
          ],
          [
            55.0809007,
            25.0322661
          ],
          [
            55.0808518,
            25.0320008
          ],
          [
            55.0808757,
            25.0318537
          ],
          [
            55.080944,
            25.0317107
          ],
          [
            55.0811043,
            25.0315651
          ],
          [
            55.082872,
            25.0302552
          ]
        ]
      },
      "properties": {
        "osm_id": 369144398,
        "kind": "breakwater",
        "name": null
      }
    },
    {
      "type": "Feature",
      "geometry": {
        "type": "LineString",
        "coordinates": [
          [
            55.0045348,
            24.9840496
          ],
          [
            55.0053079,
            24.9844232
          ],
          [
            55.0057357,
            24.9846299
          ],
          [
            55.0057687,
            24.9846458
          ],
          [
            55.0058576,
            24.9847024
          ],
          [
            55.005908,
            24.984759
          ],
          [
            55.0059344,
            24.9848112
          ],
          [
            55.0059421,
            24.9848277
          ]
        ]
      },
      "properties": {
        "osm_id": 501379912,
        "kind": "pier",
        "name": null
      }
    },
    {
      "type": "Feature",
      "geometry": {
        "type": "LineString",
        "coordinates": [
          [
            55.0057357,
            24.9846299
          ],
          [
            55.0057137,
            24.9846646
          ]
        ]
      },
      "properties": {
        "osm_id": 501379913,
        "kind": "pier",
        "name": null
      }
    },
    {
      "type": "Feature",
      "geometry": {
        "type": "LineString",
        "coordinates": [
          [
            55.0053079,
            24.9844232
          ],
          [
            55.0050997,
            24.9847568
          ]
        ]
      },
      "properties": {
        "osm_id": 501379914,
        "kind": "pier",
        "name": null
      }
    },
    {
      "type": "Feature",
      "geometry": {
        "type": "LineString",
        "coordinates": [
          [
            55.0048964,
            24.9846605
          ],
          [
            55.0050997,
            24.9847568
          ],
          [
            55.0053081,
            24.9848556
          ]
        ]
      },
      "properties": {
        "osm_id": 501379915,
        "kind": "pier",
        "name": null
      }
    },
    {
      "type": "Feature",
      "geometry": {
        "type": "LineString",
        "coordinates": [
          [
            55.0058773,
            24.9848506
          ],
          [
            55.0059421,
            24.9848277
          ],
          [
            55.0060225,
            24.9847993
          ],
          [
            55.0061132,
            24.9850105
          ],
          [
            55.005968,
            24.9850618
          ],
          [
            55.0058773,
            24.9848506
          ]
        ]
      },
      "properties": {
        "osm_id": 501379916,
        "kind": "pier",
        "name": null
      }
    },
    {
      "type": "Feature",
      "geometry": {
        "type": "LineString",
        "coordinates": [
          [
            55.0056508,
            24.9846342
          ],
          [
            55.0055356,
            24.9848296
          ],
          [
            55.0056701,
            24.9848947
          ],
          [
            55.0057852,
            24.9846993
          ],
          [
            55.0057137,
            24.9846646
          ],
          [
            55.0056508,
            24.9846342
          ]
        ]
      },
      "properties": {
        "osm_id": 501379917,
        "kind": "pier",
        "name": null
      }
    },
    {
      "type": "Feature",
      "geometry": {
        "type": "LineString",
        "coordinates": [
          [
            55.1182276,
            25.080601
          ],
          [
            55.1183708,
            25.0804998
          ],
          [
            55.1188037,
            25.0801508
          ],
          [
            55.1188755,
            25.0801099
          ],
          [
            55.1189485,
            25.0800642
          ],
          [
            55.1189536,
            25.0799587
          ],
          [
            55.1188998,
            25.0797549
          ],
          [
            55.118843,
            25.0795208
          ],
          [
            55.118908,
            25.0794195
          ],
          [
            55.1191093,
            25.0792281
          ],
          [
            55.1196032,
            25.0788212
          ],
          [
            55.120333,
            25.0782228
          ],
          [
            55.1212701,
            25.0774532
          ],
          [
            55.1222925,
            25.0766082
          ],
          [
            55.1230995,
            25.0759435
          ],
          [
            55.1234085,
            25.0756673
          ],
          [
            55.123508,
            25.0756112
          ],
          [
            55.1235784,
            25.0755859
          ],
          [
            55.1237057,
            25.0754315
          ],
          [
            55.1237122,
            25.0753341
          ],
          [
            55.1237037,
            25.0750708
          ],
          [
            55.1236383,
            25.0750707
          ],
          [
            55.1236446,
            25.075396
          ],
          [
            55.123532,
            25.0755123
          ],
          [
            55.1234547,
            25.0755341
          ],
          [
            55.1233487,
            25.0756038
          ],
          [
            55.1228225,
            25.0760317
          ],
          [
            55.1215685,
            25.0770515
          ],
          [
            55.1203003,
            25.0780827
          ],
          [
            55.1194307,
            25.0787899
          ],
          [
            55.1190545,
            25.0790958
          ],
          [
            55.1188526,
            25.0792741
          ],
          [
            55.1187179,
            25.0794481
          ],
          [
            55.1186438,
            25.0796105
          ],
          [
            55.1186321,
            25.0797728
          ],
          [
            55.1186729,
            25.079957
          ],
          [
            55.1187294,
            25.080077
          ],
          [
            55.1187303,
            25.0801297
          ],
          [
            55.1184605,
            25.0803482
          ],
          [
            55.11819,
            25.0805631
          ],
          [
            55.1182276,
            25.080601
          ]
        ]
      },
      "properties": {
        "osm_id": 525404353,
        "kind": "breakwater",
        "name": null
      }
    },
    {
      "type": "Feature",
      "geometry": {
        "type": "LineString",
        "coordinates": [
          [
            55.0826373,
            25.0295637
          ],
          [
            55.0831803,
            25.029179
          ],
          [
            55.0831608,
            25.0291575
          ],
          [
            55.0832916,
            25.0290554
          ],
          [
            55.0833236,
            25.0290102
          ],
          [
            55.0833004,
            25.0289788
          ],
          [
            55.083246,
            25.0289951
          ],
          [
            55.0830905,
            25.0290798
          ],
          [
            55.0830725,
            25.0290599
          ],
          [
            55.0825221,
            25.0294539
          ],
          [
            55.082443,
            25.0293697
          ],
          [
            55.0829972,
            25.0289455
          ],
          [
            55.082982,
            25.028931
          ],
          [
            55.0830848,
            25.0288554
          ],
          [
            55.0831468,
            25.028791
          ],
          [
            55.0831278,
            25.0287661
          ],
          [
            55.0830452,
            25.0288006
          ],
          [
            55.0829079,
            25.0288602
          ],
          [
            55.0828864,
            25.0288396
          ],
          [
            55.0823402,
            25.0292358
          ],
          [
            55.0823244,
            25.0292182
          ],
          [
            55.0824858,
            25.0290707
          ],
          [
            55.0828797,
            25.0287791
          ],
          [
            55.0829916,
            25.0287339
          ],
          [
            55.0830794,
            25.0287151
          ],
          [
            55.0831276,
            25.0287198
          ],
          [
            55.0831826,
            25.0287775
          ],
          [
            55.0831844,
            25.0288212
          ],
          [
            55.0831568,
            25.0288695
          ],
          [
            55.0830983,
            25.028946
          ],
          [
            55.0827127,
            25.0292158
          ],
          [
            55.0827403,
            25.0292485
          ],
          [
            55.0830914,
            25.0289912
          ],
          [
            55.0831878,
            25.028946
          ],
          [
            55.0832566,
            25.0289319
          ],
          [
            55.0833152,
            25.028935
          ],
          [
            55.0833565,
            25.0289631
          ],
          [
            55.0833823,
            25.0290115
          ],
          [
            55.0833616,
            25.0290723
          ],
          [
            55.0833066,
            25.0291409
          ],
          [
            55.0832119,
            25.0292204
          ],
          [
            55.0830208,
            25.0293608
          ],
          [
            55.082742,
            25.0295275
          ],
          [
            55.0826504,
            25.0295825
          ],
          [
            55.0826373,
            25.0295637
          ]
        ]
      },
      "properties": {
        "osm_id": 532676043,
        "kind": "breakwater",
        "name": null
      }
    },
    {
      "type": "Feature",
      "geometry": {
        "type": "LineString",
        "coordinates": [
          [
            55.0811544,
            25.0282118
          ],
          [
            55.0813692,
            25.0280331
          ],
          [
            55.0814383,
            25.027986
          ],
          [
            55.0814645,
            25.0280185
          ],
          [
            55.08134,
            25.0281182
          ],
          [
            55.0811715,
            25.0282292
          ],
          [
            55.0811544,
            25.0282118
          ]
        ]
      },
      "properties": {
        "osm_id": 532676050,
        "kind": "breakwater",
        "name": null
      }
    },
    {
      "type": "Feature",
      "geometry": {
        "type": "LineString",
        "coordinates": [
          [
            55.0812809,
            25.0279992
          ],
          [
            55.0813207,
            25.0279671
          ],
          [
            55.0814397,
            25.0278998
          ],
          [
            55.081539,
            25.0278436
          ],
          [
            55.0816315,
            25.0277809
          ],
          [
            55.0817251,
            25.0277174
          ],
          [
            55.0818133,
            25.0276425
          ],
          [
            55.081812,
            25.0275762
          ],
          [
            55.0818023,
            25.0275225
          ],
          [
            55.081863,
            25.0274488
          ],
          [
            55.081812,
            25.0273888
          ],
          [
            55.0816782,
            25.0274288
          ],
          [
            55.0816341,
            25.0274026
          ],
          [
            55.0815748,
            25.0273988
          ],
          [
            55.0815072,
            25.0274363
          ],
          [
            55.081328,
            25.0275799
          ],
          [
            55.0810908,
            25.0277826
          ],
          [
            55.0811083,
            25.0278051
          ],
          [
            55.0812162,
            25.027727
          ],
          [
            55.0815595,
            25.0274684
          ],
          [
            55.081587,
            25.0275003
          ],
          [
            55.0817486,
            25.0274205
          ],
          [
            55.0818009,
            25.027407
          ],
          [
            55.0818378,
            25.0274542
          ],
          [
            55.0818028,
            25.027496
          ],
          [
            55.0816747,
            25.0276019
          ],
          [
            55.0816996,
            25.0276307
          ],
          [
            55.0813119,
            25.0279259
          ],
          [
            55.0812542,
            25.0279698
          ],
          [
            55.0812809,
            25.0279992
          ]
        ]
      },
      "properties": {
        "osm_id": 532676052,
        "kind": "breakwater",
        "name": null
      }
    },
    {
      "type": "Feature",
      "geometry": {
        "type": "LineString",
        "coordinates": [
          [
            55.0803658,
            25.0272085
          ],
          [
            55.0805035,
            25.0271154
          ],
          [
            55.0807449,
            25.026947
          ],
          [
            55.080645,
            25.0269209
          ],
          [
            55.0803318,
            25.0271485
          ],
          [
            55.0803293,
            25.0271913
          ],
          [
            55.0803658,
            25.0272085
          ]
        ]
      },
      "properties": {
        "osm_id": 532676054,
        "kind": "breakwater",
        "name": null
      }
    },
    {
      "type": "Feature",
      "geometry": {
        "type": "LineString",
        "coordinates": [
          [
            55.0770446,
            25.024374
          ],
          [
            55.0770181,
            25.0243615
          ],
          [
            55.0770228,
            25.024334
          ],
          [
            55.0772287,
            25.0241932
          ],
          [
            55.0773462,
            25.0241129
          ],
          [
            55.0775657,
            25.0239733
          ],
          [
            55.0775857,
            25.0239973
          ],
          [
            55.0770446,
            25.024374
          ]
        ]
      },
      "properties": {
        "osm_id": 532676056,
        "kind": "breakwater",
        "name": null
      }
    },
    {
      "type": "Feature",
      "geometry": {
        "type": "LineString",
        "coordinates": [
          [
            55.0723308,
            25.0265081
          ],
          [
            55.0723669,
            25.0264521
          ],
          [
            55.0724011,
            25.0264222
          ],
          [
            55.0724509,
            25.0264042
          ],
          [
            55.0725007,
            25.026414
          ],
          [
            55.0727114,
            25.0264629
          ],
          [
            55.0727474,
            25.0264874
          ],
          [
            55.0727738,
            25.0265364
          ],
          [
            55.072781,
            25.0265951
          ],
          [
            55.0727474,
            25.0266892
          ],
          [
            55.0725406,
            25.02714
          ],
          [
            55.0723258,
            25.0276499
          ],
          [
            55.0722464,
            25.0278784
          ],
          [
            55.0722429,
            25.0279578
          ],
          [
            55.0722733,
            25.0280096
          ],
          [
            55.0726831,
            25.0282212
          ],
          [
            55.0729703,
            25.0283619
          ],
          [
            55.0730462,
            25.028364
          ],
          [
            55.0731057,
            25.0283344
          ],
          [
            55.0737934,
            25.0267412
          ],
          [
            55.0738284,
            25.0265698
          ],
          [
            55.0738342,
            25.0263889
          ],
          [
            55.0738389,
            25.0260938
          ],
          [
            55.0738447,
            25.0257246
          ],
          [
            55.0738657,
            25.0255363
          ],
          [
            55.0739043,
            25.0253628
          ],
          [
            55.0739767,
            25.0251332
          ],
          [
            55.0740841,
            25.0247905
          ],
          [
            55.0741856,
            25.0245429
          ],
          [
            55.0743187,
            25.0241536
          ],
          [
            55.074432,
            25.0238585
          ],
          [
            55.0745756,
            25.0234152
          ],
          [
            55.0746398,
            25.0231486
          ],
          [
            55.0746713,
            25.0229317
          ],
          [
            55.0746375,
            25.0228439
          ],
          [
            55.0745651,
            25.0228132
          ],
          [
            55.0745522,
            25.0227889
          ],
          [
            55.0745767,
            25.0227646
          ],
          [
            55.0746375,
            25.0227752
          ],
          [
            55.074697,
            25.022827
          ],
          [
            55.074739,
            25.0229264
          ],
          [
            55.0747262,
            25.023082
          ],
          [
            55.0746631,
            25.0233528
          ],
          [
            55.0746321,
            25.0234262
          ],
          [
            55.0745849,
            25.0235811
          ],
          [
            55.0745084,
            25.0237818
          ],
          [
            55.0744321,
            25.0239697
          ],
          [
            55.0744305,
            25.0240751
          ],
          [
            55.0739771,
            25.0252699
          ],
          [
            55.0739125,
            25.0255202
          ],
          [
            55.0738861,
            25.0257401
          ],
          [
            55.0738763,
            25.0260034
          ],
          [
            55.0738727,
            25.0264226
          ],
          [
            55.0738808,
            25.0265694
          ],
          [
            55.0738598,
            25.0266944
          ],
          [
            55.0737856,
            25.0269066
          ],
          [
            55.0731894,
            25.0282979
          ],
          [
            55.0731338,
            25.0283692
          ],
          [
            55.0730464,
            25.0284117
          ],
          [
            55.0729197,
            25.0284177
          ],
          [
            55.0725562,
            25.0282478
          ],
          [
            55.0722041,
            25.0280832
          ],
          [
            55.0721299,
            25.0280176
          ],
          [
            55.0721372,
            25.0279266
          ],
          [
            55.0721746,
            25.0278448
          ],
          [
            55.0724746,
            25.0270954
          ],
          [
            55.0726803,
            25.026638
          ],
          [
            55.0726979,
            25.0265691
          ],
          [
            55.0726675,
            25.0265163
          ],
          [
            55.0724758,
            25.0264664
          ],
          [
            55.0724,
            25.026496
          ],
          [
            55.0723308,
            25.0265081
          ]
        ]
      },
      "properties": {
        "osm_id": 532678087,
        "kind": "breakwater",
        "name": null
      }
    },
    {
      "type": "Feature",
      "geometry": {
        "type": "LineString",
        "coordinates": [
          [
            55.0848629,
            25.030724
          ],
          [
            55.0847568,
            25.0305467
          ],
          [
            55.0847801,
            25.0305348
          ],
          [
            55.0850133,
            25.0307012
          ],
          [
            55.0853281,
            25.0310062
          ],
          [
            55.0854826,
            25.0311977
          ],
          [
            55.0855001,
            25.0312465
          ],
          [
            55.085468,
            25.0312954
          ],
          [
            55.0853937,
            25.0313746
          ],
          [
            55.0853922,
            25.0314525
          ],
          [
            55.0854141,
            25.0315542
          ],
          [
            55.0854592,
            25.0316084
          ],
          [
            55.0855205,
            25.0316348
          ],
          [
            55.0856181,
            25.0315899
          ],
          [
            55.0857216,
            25.0315106
          ],
          [
            55.0857755,
            25.0315608
          ],
          [
            55.0856477,
            25.0316593
          ],
          [
            55.0855403,
            25.0317442
          ],
          [
            55.0854761,
            25.0317324
          ],
          [
            55.0853254,
            25.0315856
          ],
          [
            55.0851467,
            25.0317347
          ],
          [
            55.086052,
            25.0334224
          ],
          [
            55.0860349,
            25.0334597
          ],
          [
            55.085991,
            25.0334509
          ],
          [
            55.0850819,
            25.0317271
          ],
          [
            55.0852929,
            25.0315381
          ],
          [
            55.0852586,
            25.0314136
          ],
          [
            55.0853128,
            25.0313242
          ],
          [
            55.085416,
            25.0312494
          ],
          [
            55.0848629,
            25.030724
          ]
        ]
      },
      "properties": {
        "osm_id": 532776520,
        "kind": "breakwater",
        "name": null
      }
    },
    {
      "type": "Feature",
      "geometry": {
        "type": "LineString",
        "coordinates": [
          [
            55.0856954,
            25.0318831
          ],
          [
            55.0856456,
            25.0318925
          ],
          [
            55.0856595,
            25.0319727
          ],
          [
            55.0857589,
            25.0320201
          ],
          [
            55.0858099,
            25.0320035
          ],
          [
            55.0856954,
            25.0318831
          ]
        ]
      },
      "properties": {
        "osm_id": 532776522,
        "kind": "breakwater",
        "name": null
      }
    },
    {
      "type": "Feature",
      "geometry": {
        "type": "LineString",
        "coordinates": [
          [
            55.0858943,
            25.0315332
          ],
          [
            55.0858418,
            25.031572
          ],
          [
            55.0859046,
            25.0316969
          ],
          [
            55.086001,
            25.0317546
          ],
          [
            55.0861387,
            25.0318045
          ],
          [
            55.0864571,
            25.0321055
          ],
          [
            55.0867205,
            25.0323191
          ],
          [
            55.0871353,
            25.0327012
          ],
          [
            55.0875122,
            25.0330505
          ],
          [
            55.0877739,
            25.0333515
          ],
          [
            55.087841,
            25.0334513
          ],
          [
            55.088125,
            25.0337258
          ],
          [
            55.0881852,
            25.0338334
          ],
          [
            55.0883006,
            25.0339254
          ],
          [
            55.0884985,
            25.0340611
          ],
          [
            55.0887291,
            25.0342467
          ],
          [
            55.0889322,
            25.0344354
          ],
          [
            55.089187,
            25.0346802
          ],
          [
            55.0892576,
            25.0347629
          ],
          [
            55.0893416,
            25.034699
          ],
          [
            55.08902,
            25.034398
          ],
          [
            55.0887756,
            25.0341671
          ],
          [
            55.0884245,
            25.0338786
          ],
          [
            55.0882179,
            25.0336946
          ],
          [
            55.0879219,
            25.033403
          ],
          [
            55.0877274,
            25.0331815
          ],
          [
            55.0875536,
            25.032996
          ],
          [
            55.0873057,
            25.032748
          ],
          [
            55.0868324,
            25.0323363
          ],
          [
            55.0864675,
            25.0320181
          ],
          [
            55.0860355,
            25.0316392
          ],
          [
            55.0858943,
            25.0315332
          ]
        ]
      },
      "properties": {
        "osm_id": 532776525,
        "kind": "breakwater",
        "name": null
      }
    },
    {
      "type": "Feature",
      "geometry": {
        "type": "LineString",
        "coordinates": [
          [
            55.0893416,
            25.034699
          ],
          [
            55.0892576,
            25.0347629
          ],
          [
            55.089325,
            25.0349062
          ],
          [
            55.0907931,
            25.0365511
          ],
          [
            55.0913029,
            25.0372178
          ],
          [
            55.0916314,
            25.0375305
          ],
          [
            55.0934762,
            25.0395814
          ],
          [
            55.0957659,
            25.0421033
          ],
          [
            55.0961712,
            25.0425437
          ],
          [
            55.0961593,
            25.0425988
          ],
          [
            55.0957556,
            25.0429166
          ],
          [
            55.0957543,
            25.0429966
          ],
          [
            55.0958471,
            25.0429994
          ],
          [
            55.0962029,
            25.0427005
          ],
          [
            55.096399,
            25.0425392
          ],
          [
            55.0957317,
            25.0418371
          ],
          [
            55.0948411,
            25.0408779
          ],
          [
            55.0937392,
            25.039649
          ],
          [
            55.0928317,
            25.0386485
          ],
          [
            55.0919339,
            25.0376632
          ],
          [
            55.0912113,
            25.0368302
          ],
          [
            55.0905379,
            25.0360339
          ],
          [
            55.0893416,
            25.034699
          ]
        ]
      },
      "properties": {
        "osm_id": 532776539,
        "kind": "breakwater",
        "name": null
      }
    },
    {
      "type": "Feature",
      "geometry": {
        "type": "LineString",
        "coordinates": [
          [
            55.0973799,
            25.0443197
          ],
          [
            55.097595,
            25.0441615
          ],
          [
            55.0977788,
            25.044023
          ],
          [
            55.0979892,
            25.0442247
          ],
          [
            55.0979583,
            25.0442471
          ],
          [
            55.0979398,
            25.0442304
          ],
          [
            55.0978534,
            25.0442541
          ],
          [
            55.097726,
            25.0441647
          ],
          [
            55.0974231,
            25.0443769
          ],
          [
            55.0973708,
            25.0443658
          ],
          [
            55.0973799,
            25.0443197
          ]
        ]
      },
      "properties": {
        "osm_id": 532782487,
        "kind": "breakwater",
        "name": null
      }
    },
    {
      "type": "Feature",
      "geometry": {
        "type": "LineString",
        "coordinates": [
          [
            55.0981858,
            25.0448845
          ],
          [
            55.0982218,
            25.0449237
          ],
          [
            55.0984393,
            25.0447554
          ],
          [
            55.0983984,
            25.0446906
          ],
          [
            55.0983901,
            25.0446281
          ],
          [
            55.0979892,
            25.0442247
          ],
          [
            55.0979398,
            25.0442304
          ],
          [
            55.0979264,
            25.0443247
          ],
          [
            55.0980875,
            25.0444746
          ],
          [
            55.0982412,
            25.0446006
          ],
          [
            55.0982798,
            25.0446506
          ],
          [
            55.0981574,
            25.0447302
          ],
          [
            55.0980605,
            25.0448607
          ],
          [
            55.0977344,
            25.0450606
          ],
          [
            55.0977259,
            25.0451121
          ],
          [
            55.0977884,
            25.0451275
          ],
          [
            55.0981858,
            25.0448845
          ]
        ]
      },
      "properties": {
        "osm_id": 532782489,
        "kind": "breakwater",
        "name": null
      }
    },
    {
      "type": "Feature",
      "geometry": {
        "type": "LineString",
        "coordinates": [
          [
            55.0987613,
            25.0454782
          ],
          [
            55.0984657,
            25.045783
          ],
          [
            55.0984771,
            25.0458422
          ],
          [
            55.0985535,
            25.0458275
          ],
          [
            55.0986967,
            25.0456638
          ],
          [
            55.0987814,
            25.0455674
          ],
          [
            55.0990676,
            25.0453934
          ],
          [
            55.0991223,
            25.04538
          ],
          [
            55.0991709,
            25.0454167
          ],
          [
            55.1002898,
            25.0466546
          ],
          [
            55.1003519,
            25.0466295
          ],
          [
            55.0992214,
            25.0453726
          ],
          [
            55.0991542,
            25.0453171
          ],
          [
            55.099085,
            25.0453063
          ],
          [
            55.0990039,
            25.0453314
          ],
          [
            55.0989316,
            25.0452695
          ],
          [
            55.0987203,
            25.0454375
          ],
          [
            55.0987613,
            25.0454782
          ]
        ]
      },
      "properties": {
        "osm_id": 532782492,
        "kind": "breakwater",
        "name": null
      }
    },
    {
      "type": "Feature",
      "geometry": {
        "type": "LineString",
        "coordinates": [
          [
            55.1035021,
            25.0499013
          ],
          [
            55.1033494,
            25.0505376
          ],
          [
            55.1038151,
            25.0513125
          ],
          [
            55.1037793,
            25.0513337
          ],
          [
            55.1036124,
            25.0511276
          ],
          [
            55.1034928,
            25.0510137
          ],
          [
            55.1032297,
            25.0506094
          ],
          [
            55.1032437,
            25.0504346
          ],
          [
            55.1032941,
            25.0503958
          ],
          [
            55.103316,
            25.0502946
          ],
          [
            55.1033994,
            25.0502338
          ],
          [
            55.1035021,
            25.0499013
          ]
        ]
      },
      "properties": {
        "osm_id": 532788519,
        "kind": "breakwater",
        "name": null
      }
    },
    {
      "type": "Feature",
      "geometry": {
        "type": "LineString",
        "coordinates": [
          [
            55.1042856,
            25.0511944
          ],
          [
            55.1042594,
            25.0511695
          ],
          [
            55.1038543,
            25.0513659
          ],
          [
            55.1038151,
            25.0513125
          ],
          [
            55.1037793,
            25.0513337
          ],
          [
            55.1037283,
            25.0513512
          ],
          [
            55.1036172,
            25.051369
          ],
          [
            55.103231,
            25.0516174
          ],
          [
            55.1029377,
            25.0518474
          ],
          [
            55.1026639,
            25.0520849
          ],
          [
            55.1024395,
            25.052301
          ],
          [
            55.1020573,
            25.0527466
          ],
          [
            55.1017283,
            25.0532651
          ],
          [
            55.1016484,
            25.0533553
          ],
          [
            55.1015491,
            25.053387
          ],
          [
            55.1014644,
            25.0533859
          ],
          [
            55.1013738,
            25.0533403
          ],
          [
            55.1012683,
            25.0532494
          ],
          [
            55.1012078,
            25.0532303
          ],
          [
            55.1011402,
            25.0532472
          ],
          [
            55.1011361,
            25.0532853
          ],
          [
            55.1011776,
            25.0534012
          ],
          [
            55.1023011,
            25.0545711
          ],
          [
            55.102363,
            25.0546079
          ],
          [
            55.1024387,
            25.0546009
          ],
          [
            55.1024656,
            25.054548
          ],
          [
            55.1024484,
            25.054494
          ],
          [
            55.1017832,
            25.0537921
          ],
          [
            55.1017354,
            25.0536755
          ],
          [
            55.101769,
            25.0535876
          ],
          [
            55.1021493,
            25.052941
          ],
          [
            55.1026005,
            25.0524008
          ],
          [
            55.102773,
            25.0522239
          ],
          [
            55.1034027,
            25.0517101
          ],
          [
            55.1037383,
            25.0514918
          ],
          [
            55.1042856,
            25.0511944
          ]
        ]
      },
      "properties": {
        "osm_id": 532788521,
        "kind": "breakwater",
        "name": null
      }
    },
    {
      "type": "Feature",
      "geometry": {
        "type": "LineString",
        "coordinates": [
          [
            55.1044655,
            25.0512074
          ],
          [
            55.1043278,
            25.051067
          ],
          [
            55.1044527,
            25.0509682
          ],
          [
            55.104249,
            25.0507556
          ],
          [
            55.1043373,
            25.0507167
          ],
          [
            55.1045131,
            25.0509219
          ],
          [
            55.1045544,
            25.0510032
          ],
          [
            55.1045609,
            25.0510646
          ],
          [
            55.1045381,
            25.0511349
          ],
          [
            55.1044655,
            25.0512074
          ]
        ]
      },
      "properties": {
        "osm_id": 532788522,
        "kind": "breakwater",
        "name": null
      }
    },
    {
      "type": "Feature",
      "geometry": {
        "type": "LineString",
        "coordinates": [
          [
            55.1194921,
            25.0669047
          ],
          [
            55.1194488,
            25.0668624
          ],
          [
            55.1193727,
            25.0669262
          ],
          [
            55.1194161,
            25.0669685
          ],
          [
            55.1194921,
            25.0669047
          ]
        ]
      },
      "properties": {
        "osm_id": 532810127,
        "kind": "breakwater",
        "name": null
      }
    },
    {
      "type": "Feature",
      "geometry": {
        "type": "LineString",
        "coordinates": [
          [
            55.1192874,
            25.0667133
          ],
          [
            55.1193425,
            25.0667608
          ],
          [
            55.1192741,
            25.066826
          ],
          [
            55.1192189,
            25.0667784
          ],
          [
            55.1192874,
            25.0667133
          ]
        ]
      },
      "properties": {
        "osm_id": 532810128,
        "kind": "breakwater",
        "name": null
      }
    },
    {
      "type": "Feature",
      "geometry": {
        "type": "LineString",
        "coordinates": [
          [
            55.1169296,
            25.0641088
          ],
          [
            55.1168593,
            25.0641181
          ],
          [
            55.1168048,
            25.0641594
          ],
          [
            55.1168416,
            25.0641993
          ],
          [
            55.1169296,
            25.0641088
          ]
        ]
      },
      "properties": {
        "osm_id": 532810130,
        "kind": "breakwater",
        "name": null
      }
    },
    {
      "type": "Feature",
      "geometry": {
        "type": "LineString",
        "coordinates": [
          [
            55.1167565,
            25.0639284
          ],
          [
            55.1167502,
            25.0639935
          ],
          [
            55.1166871,
            25.0640453
          ],
          [
            55.1166474,
            25.0640055
          ],
          [
            55.1167565,
            25.0639284
          ]
        ]
      },
      "properties": {
        "osm_id": 532810132,
        "kind": "breakwater",
        "name": null
      }
    },
    {
      "type": "Feature",
      "geometry": {
        "type": "LineString",
        "coordinates": [
          [
            55.1149706,
            25.062417
          ],
          [
            55.1150747,
            25.0623331
          ],
          [
            55.115174,
            25.0622573
          ],
          [
            55.1151405,
            25.0622192
          ],
          [
            55.115211,
            25.0621697
          ],
          [
            55.1153243,
            25.0621341
          ],
          [
            55.1155352,
            25.0623954
          ],
          [
            55.1156937,
            25.0624071
          ],
          [
            55.1156911,
            25.0624328
          ],
          [
            55.1154924,
            25.0624223
          ],
          [
            55.1153153,
            25.0624774
          ],
          [
            55.1152152,
            25.0624573
          ],
          [
            55.1151115,
            25.0625379
          ],
          [
            55.1150879,
            25.062515
          ],
          [
            55.1151856,
            25.0624391
          ],
          [
            55.1153295,
            25.0623295
          ],
          [
            55.1152501,
            25.062244
          ],
          [
            55.1151062,
            25.0623536
          ],
          [
            55.1149963,
            25.0624407
          ],
          [
            55.1149706,
            25.062417
          ]
        ]
      },
      "properties": {
        "osm_id": 532810137,
        "kind": "breakwater",
        "name": null
      }
    },
    {
      "type": "Feature",
      "geometry": {
        "type": "LineString",
        "coordinates": [
          [
            55.1126621,
            25.0594158
          ],
          [
            55.1121864,
            25.0589206
          ],
          [
            55.111931,
            25.0586183
          ],
          [
            55.1120217,
            25.0585541
          ],
          [
            55.1127488,
            25.0593579
          ],
          [
            55.1126621,
            25.0594158
          ]
        ]
      },
      "properties": {
        "osm_id": 532810142,
        "kind": "breakwater",
        "name": null
      }
    },
    {
      "type": "Feature",
      "geometry": {
        "type": "LineString",
        "coordinates": [
          [
            55.1089795,
            25.055702
          ],
          [
            55.1088964,
            25.0557285
          ],
          [
            55.1088817,
            25.055795
          ],
          [
            55.1089502,
            25.0558349
          ],
          [
            55.1090969,
            25.0557551
          ],
          [
            55.1092096,
            25.0556998
          ],
          [
            55.1093851,
            25.0556084
          ],
          [
            55.1096063,
            25.0554339
          ],
          [
            55.1095566,
            25.055383
          ],
          [
            55.1093463,
            25.0555425
          ],
          [
            55.1089795,
            25.055702
          ]
        ]
      },
      "properties": {
        "osm_id": 532810143,
        "kind": "breakwater",
        "name": null
      }
    },
    {
      "type": "Feature",
      "geometry": {
        "type": "LineString",
        "coordinates": [
          [
            55.1096156,
            25.0566325
          ],
          [
            55.1100457,
            25.0563488
          ],
          [
            55.1101142,
            25.0562647
          ],
          [
            55.1100414,
            25.0561774
          ],
          [
            55.1101263,
            25.0560795
          ],
          [
            55.1102441,
            25.0562082
          ],
          [
            55.1102478,
            25.0562709
          ],
          [
            55.110173,
            25.0563878
          ],
          [
            55.1101313,
            25.056416
          ],
          [
            55.1099106,
            25.0565197
          ],
          [
            55.1096492,
            25.0566741
          ],
          [
            55.1096156,
            25.0566325
          ]
        ]
      },
      "properties": {
        "osm_id": 532810145,
        "kind": "breakwater",
        "name": null
      }
    },
    {
      "type": "Feature",
      "geometry": {
        "type": "LineString",
        "coordinates": [
          [
            55.1098608,
            25.0559775
          ],
          [
            55.1100552,
            25.0558355
          ],
          [
            55.1098831,
            25.055666
          ],
          [
            55.1096328,
            25.0558601
          ],
          [
            55.1095902,
            25.0559397
          ],
          [
            55.109305,
            25.0561705
          ],
          [
            55.1092723,
            25.0562247
          ],
          [
            55.1093132,
            25.0562667
          ],
          [
            55.1093894,
            25.0562395
          ],
          [
            55.109762,
            25.0560165
          ],
          [
            55.1098608,
            25.0559775
          ]
        ]
      },
      "properties": {
        "osm_id": 532810152,
        "kind": "breakwater",
        "name": null
      }
    },
    {
      "type": "Feature",
      "geometry": {
        "type": "LineString",
        "coordinates": [
          [
            55.1082801,
            25.0545234
          ],
          [
            55.1083905,
            25.0544848
          ],
          [
            55.1083565,
            25.0543777
          ],
          [
            55.1087009,
            25.0542643
          ],
          [
            55.1088652,
            25.0542052
          ],
          [
            55.109147,
            25.0541934
          ],
          [
            55.10922,
            25.0541863
          ],
          [
            55.1093426,
            25.0540894
          ],
          [
            55.1092322,
            25.0539859
          ],
          [
            55.1091482,
            25.0540368
          ],
          [
            55.1090334,
            25.0540525
          ],
          [
            55.1087432,
            25.0540767
          ],
          [
            55.1086607,
            25.0541325
          ],
          [
            55.1084981,
            25.0542461
          ],
          [
            55.1083439,
            25.0542991
          ],
          [
            55.1082109,
            25.0543088
          ],
          [
            55.1080886,
            25.0542847
          ],
          [
            55.1079503,
            25.0542413
          ],
          [
            55.1078492,
            25.054169
          ],
          [
            55.1059778,
            25.0521777
          ],
          [
            55.1053767,
            25.0518376
          ],
          [
            55.1052619,
            25.0518023
          ],
          [
            55.1051472,
            25.0518474
          ],
          [
            55.1050777,
            25.0519109
          ],
          [
            55.1050632,
            25.0519963
          ],
          [
            55.1047673,
            25.0524234
          ],
          [
            55.104404,
            25.0527793
          ],
          [
            55.1040373,
            25.0530935
          ],
          [
            55.1037072,
            25.0533434
          ],
          [
            55.1029807,
            25.0537195
          ],
          [
            55.1029639,
            25.053844
          ],
          [
            55.1030547,
            25.0539161
          ],
          [
            55.1031717,
            25.0539079
          ],
          [
            55.1033143,
            25.0538001
          ],
          [
            55.1039376,
            25.0534491
          ],
          [
            55.1045929,
            25.0529432
          ],
          [
            55.1048312,
            25.0526749
          ],
          [
            55.1049971,
            25.0524301
          ],
          [
            55.1052076,
            25.0521437
          ],
          [
            55.1052696,
            25.052089
          ],
          [
            55.1053625,
            25.0520944
          ],
          [
            55.1057782,
            25.0523183
          ],
          [
            55.1058824,
            25.0523903
          ],
          [
            55.1063494,
            25.0528809
          ],
          [
            55.1067936,
            25.0534033
          ],
          [
            55.1077959,
            25.0544392
          ],
          [
            55.108016,
            25.0545057
          ],
          [
            55.1082801,
            25.0545234
          ]
        ]
      },
      "properties": {
        "osm_id": 532810158,
        "kind": "breakwater",
        "name": null
      }
    },
    {
      "type": "Feature",
      "geometry": {
        "type": "LineString",
        "coordinates": [
          [
            55.0468479,
            25.0185604
          ],
          [
            55.0468685,
            25.0185418
          ],
          [
            55.0471029,
            25.0187384
          ],
          [
            55.0467782,
            25.0194675
          ],
          [
            55.0466103,
            25.0197502
          ],
          [
            55.0465628,
            25.0198521
          ],
          [
            55.046501,
            25.0198923
          ],
          [
            55.046387,
            25.0199009
          ],
          [
            55.0447746,
            25.0194374
          ],
          [
            55.0445181,
            25.0194445
          ],
          [
            55.0443961,
            25.0194876
          ],
          [
            55.0442504,
            25.0195967
          ],
          [
            55.0441427,
            25.0197502
          ],
          [
            55.0440904,
            25.019911
          ],
          [
            55.0438798,
            25.0208898
          ],
          [
            55.0438323,
            25.0209544
          ],
          [
            55.0437546,
            25.0209831
          ],
          [
            55.0436469,
            25.0209802
          ],
          [
            55.0435487,
            25.0209615
          ],
          [
            55.0435555,
            25.020923
          ],
          [
            55.0436692,
            25.0209372
          ],
          [
            55.0437991,
            25.0208919
          ],
          [
            55.04401,
            25.0199557
          ],
          [
            55.0440808,
            25.0197312
          ],
          [
            55.0442011,
            25.0195538
          ],
          [
            55.0443464,
            25.0194509
          ],
          [
            55.0445194,
            25.0193877
          ],
          [
            55.0447905,
            25.0193886
          ],
          [
            55.0463575,
            25.01985
          ],
          [
            55.0465175,
            25.0198172
          ],
          [
            55.0466983,
            25.0194233
          ],
          [
            55.0470065,
            25.018752
          ],
          [
            55.0468479,
            25.0185604
          ]
        ]
      },
      "properties": {
        "osm_id": 532813097,
        "kind": "breakwater",
        "name": null
      }
    },
    {
      "type": "Feature",
      "geometry": {
        "type": "LineString",
        "coordinates": [
          [
            55.0255337,
            24.9897444
          ],
          [
            55.0255697,
            24.9897644
          ],
          [
            55.0255965,
            24.989813
          ],
          [
            55.0255823,
            24.9898813
          ],
          [
            55.0255731,
            24.9899814
          ],
          [
            55.0255748,
            24.9900466
          ],
          [
            55.0255856,
            24.9900823
          ],
          [
            55.0256108,
            24.9900914
          ],
          [
            55.0256401,
            24.9900793
          ],
          [
            55.0256493,
            24.9900148
          ],
          [
            55.0256451,
            24.9898941
          ],
          [
            55.0256627,
            24.989772
          ],
          [
            55.0256853,
            24.9896688
          ],
          [
            55.025733,
            24.9895709
          ],
          [
            55.0257559,
            24.9895875
          ],
          [
            55.025715,
            24.9896853
          ],
          [
            55.0257106,
            24.9897653
          ],
          [
            55.0257063,
            24.9898826
          ],
          [
            55.025697,
            24.989961
          ],
          [
            55.0257128,
            24.9899969
          ],
          [
            55.0256925,
            24.9900398
          ],
          [
            55.0257136,
            24.9900902
          ],
          [
            55.0257158,
            24.9900994
          ],
          [
            55.025718,
            24.9901086
          ],
          [
            55.0257133,
            24.9901299
          ],
          [
            55.0256942,
            24.9901519
          ],
          [
            55.0256491,
            24.9901772
          ],
          [
            55.0256051,
            24.9901807
          ],
          [
            55.0255607,
            24.9901617
          ],
          [
            55.0255309,
            24.9901249
          ],
          [
            55.0255221,
            24.9900599
          ],
          [
            55.025527,
            24.989997
          ],
          [
            55.0255432,
            24.9899597
          ],
          [
            55.0255418,
            24.9899073
          ],
          [
            55.0255414,
            24.9898946
          ],
          [
            55.0255462,
            24.9898609
          ],
          [
            55.0255509,
            24.9898271
          ],
          [
            55.0255317,
            24.9897621
          ],
          [
            55.0255337,
            24.9897444
          ]
        ]
      },
      "properties": {
        "osm_id": 545055277,
        "kind": "breakwater",
        "name": null
      }
    },
    {
      "type": "Feature",
      "geometry": {
        "type": "LineString",
        "coordinates": [
          [
            55.0314631,
            24.9927825
          ],
          [
            55.0314828,
            24.9922532
          ],
          [
            55.0314514,
            24.9922733
          ],
          [
            55.0314389,
            24.9923426
          ],
          [
            55.0314244,
            24.992383
          ],
          [
            55.0314191,
            24.9926989
          ],
          [
            55.0314631,
            24.9927825
          ]
        ]
      },
      "properties": {
        "osm_id": 545063599,
        "kind": "breakwater",
        "name": null
      }
    },
    {
      "type": "Feature",
      "geometry": {
        "type": "LineString",
        "coordinates": [
          [
            55.031516,
            24.9927825
          ],
          [
            55.0315268,
            24.9922396
          ],
          [
            55.031568,
            24.9922674
          ],
          [
            55.0315992,
            24.9923818
          ],
          [
            55.0315998,
            24.992426
          ],
          [
            55.0315971,
            24.9926396
          ],
          [
            55.0315753,
            24.9927264
          ],
          [
            55.031516,
            24.9927825
          ]
        ]
      },
      "properties": {
        "osm_id": 545063600,
        "kind": "breakwater",
        "name": null
      }
    },
    {
      "type": "Feature",
      "geometry": {
        "type": "LineString",
        "coordinates": [
          [
            55.0183618,
            25.0210329
          ],
          [
            55.0173567,
            25.0204484
          ],
          [
            55.0167898,
            25.0200538
          ],
          [
            55.0168309,
            25.0199496
          ],
          [
            55.0169624,
            25.019957
          ],
          [
            55.0173896,
            25.0201878
          ],
          [
            55.0175539,
            25.0200761
          ],
          [
            55.017899,
            25.0194433
          ],
          [
            55.0188392,
            25.0172251
          ],
          [
            55.0191056,
            25.0160553
          ],
          [
            55.0195068,
            25.0142084
          ],
          [
            55.0197636,
            25.012376
          ],
          [
            55.0197957,
            25.0111253
          ],
          [
            55.0196994,
            25.008653
          ],
          [
            55.0195068,
            25.0071696
          ],
          [
            55.0191698,
            25.0056571
          ],
          [
            55.0184155,
            25.0031265
          ],
          [
            55.0175811,
            25.0012212
          ],
          [
            55.0166663,
            24.9993304
          ],
          [
            55.0160084,
            24.9981378
          ],
          [
            55.0152533,
            24.9971942
          ],
          [
            55.0150808,
            24.9971942
          ],
          [
            55.0144152,
            24.9975218
          ],
          [
            55.0143084,
            24.9975069
          ],
          [
            55.0143002,
            24.9974325
          ],
          [
            55.0149164,
            24.9970899
          ],
          [
            55.0159416,
            24.9964888
          ],
          [
            55.0158366,
            24.9961215
          ],
          [
            55.0155635,
            24.995649
          ],
          [
            55.0152213,
            24.9951159
          ],
          [
            55.0149152,
            24.9945664
          ],
          [
            55.0146565,
            24.994062
          ],
          [
            55.0143849,
            24.993508
          ],
          [
            55.0140623,
            24.9929348
          ],
          [
            55.0139159,
            24.9927964
          ],
          [
            55.0137907,
            24.992779
          ],
          [
            55.0136294,
            24.9928271
          ],
          [
            55.0134936,
            24.9928252
          ],
          [
            55.0134129,
            24.992781
          ],
          [
            55.013362,
            24.9924213
          ],
          [
            55.0130903,
            24.9924559
          ],
          [
            55.0131501,
            24.9927861
          ],
          [
            55.0131031,
            24.9928752
          ],
          [
            55.0130054,
            24.9929483
          ],
          [
            55.0128908,
            24.9929887
          ],
          [
            55.0127953,
            24.9929637
          ],
          [
            55.012738,
            24.9928694
          ],
          [
            55.0126747,
            24.9925745
          ],
          [
            55.0123861,
            24.9915973
          ],
          [
            55.0121442,
            24.9902432
          ],
          [
            55.0121739,
            24.9885697
          ],
          [
            55.0122376,
            24.9874232
          ],
          [
            55.0128042,
            24.9852611
          ],
          [
            55.01287,
            24.9851649
          ],
          [
            55.0129671,
            24.9851196
          ],
          [
            55.0133581,
            24.9852245
          ],
          [
            55.0137847,
            24.9852938
          ],
          [
            55.0140894,
            24.9853207
          ],
          [
            55.014229,
            24.9852938
          ],
          [
            55.0143471,
            24.985063
          ],
          [
            55.0143526,
            24.9849939
          ],
          [
            55.014441,
            24.9848193
          ],
          [
            55.0144496,
            24.984719
          ],
          [
            55.0144138,
            24.9845184
          ],
          [
            55.0143429,
            24.9843605
          ],
          [
            55.0142499,
            24.9842055
          ],
          [
            55.0141655,
            24.9841014
          ],
          [
            55.0139366,
            24.9839443
          ],
          [
            55.0136746,
            24.9837646
          ],
          [
            55.0134289,
            24.9835791
          ],
          [
            55.0132306,
            24.9834406
          ],
          [
            55.0130768,
            24.9833535
          ],
          [
            55.0128882,
            24.9832878
          ],
          [
            55.0127496,
            24.9834446
          ],
          [
            55.012329,
            24.9840039
          ],
          [
            55.0123341,
            24.9840427
          ],
          [
            55.0123238,
            24.9840922
          ],
          [
            55.0122989,
            24.9841276
          ],
          [
            55.0122475,
            24.9841513
          ],
          [
            55.0121985,
            24.9841595
          ],
          [
            55.0121689,
            24.9841557
          ],
          [
            55.0121469,
            24.9841483
          ],
          [
            55.0121247,
            24.984131
          ],
          [
            55.0121063,
            24.9841095
          ],
          [
            55.0120871,
            24.9840764
          ],
          [
            55.012077,
            24.9840325
          ],
          [
            55.0120914,
            24.9839942
          ],
          [
            55.012121,
            24.9839588
          ],
          [
            55.0121527,
            24.9839359
          ],
          [
            55.0122097,
            24.9839163
          ],
          [
            55.0133796,
            24.9822923
          ],
          [
            55.0133399,
            24.9822629
          ],
          [
            55.0157273,
            24.9788834
          ],
          [
            55.0157561,
            24.9788998
          ],
          [
            55.01586,
            24.9787496
          ],
          [
            55.0158332,
            24.9787332
          ],
          [
            55.0161048,
            24.9783466
          ],
          [
            55.0161377,
            24.9783643
          ],
          [
            55.0162423,
            24.9782172
          ],
          [
            55.0162134,
            24.9781995
          ],
          [
            55.0167163,
            24.9774894
          ],
          [
            55.0165393,
            24.9773996
          ],
          [
            55.016491,
            24.9774726
          ],
          [
            55.0163918,
            24.9774507
          ],
          [
            55.0162952,
            24.9775334
          ],
          [
            55.0158258,
            24.977334
          ],
          [
            55.0155389,
            24.9771784
          ],
          [
            55.0157347,
            24.9769012
          ],
          [
            55.0156511,
            24.976823
          ],
          [
            55.0151362,
            24.9775531
          ],
          [
            55.0151067,
            24.9775367
          ],
          [
            55.0150014,
            24.9776847
          ],
          [
            55.0150339,
            24.9777032
          ],
          [
            55.014762,
            24.9780913
          ],
          [
            55.0147335,
            24.9780758
          ],
          [
            55.0146276,
            24.9782232
          ],
          [
            55.0146577,
            24.9782412
          ],
          [
            55.0122148,
            24.9816609
          ],
          [
            55.012169,
            24.9816322
          ],
          [
            55.0115185,
            24.9825476
          ],
          [
            55.0114783,
            24.9826375
          ],
          [
            55.0112932,
            24.9828952
          ],
          [
            55.0112265,
            24.9829435
          ],
          [
            55.0111645,
            24.9829536
          ],
          [
            55.0110706,
            24.9829512
          ],
          [
            55.0109821,
            24.9829147
          ],
          [
            55.0109258,
            24.9828636
          ],
          [
            55.0108855,
            24.9828004
          ],
          [
            55.0108828,
            24.9827299
          ],
          [
            55.0108989,
            24.9826448
          ],
          [
            55.010974,
            24.9825622
          ],
          [
            55.0110947,
            24.9824698
          ],
          [
            55.0112879,
            24.9823421
          ],
          [
            55.0114827,
            24.9820817
          ],
          [
            55.0113878,
            24.9819509
          ],
          [
            55.0112138,
            24.9818047
          ],
          [
            55.0102136,
            24.9812921
          ],
          [
            55.0087161,
            24.9806114
          ],
          [
            55.0074029,
            24.9801281
          ],
          [
            55.0070588,
            24.9799727
          ],
          [
            55.0068717,
            24.979781
          ],
          [
            55.0066173,
            24.9796712
          ],
          [
            55.0063073,
            24.9795259
          ],
          [
            55.0059712,
            24.979443
          ],
          [
            55.0055821,
            24.9794949
          ]
        ]
      },
      "properties": {
        "osm_id": 664469619,
        "kind": "coastline",
        "name": null
      }
    },
    {
      "type": "Feature",
      "geometry": {
        "type": "LineString",
        "coordinates": [
          [
            54.9919106,
            24.9738074
          ],
          [
            54.9917758,
            24.9738288
          ],
          [
            54.991639,
            24.9738871
          ],
          [
            54.9914888,
            24.9739649
          ],
          [
            54.991397,
            24.9740638
          ],
          [
            54.9908386,
            24.9749479
          ],
          [
            54.9899347,
            24.976199
          ],
          [
            54.9888023,
            24.9773821
          ],
          [
            54.9875813,
            24.9782584
          ],
          [
            54.9874494,
            24.9783001
          ],
          [
            54.9873179,
            24.9783122
          ],
          [
            54.9871914,
            24.9782827
          ],
          [
            54.9864494,
            24.9776248
          ],
          [
            54.986245,
            24.9775172
          ],
          [
            54.986009,
            24.9774613
          ],
          [
            54.9855976,
            24.9774745
          ],
          [
            54.9849039,
            24.9779014
          ],
          [
            54.9845499,
            24.9780983
          ],
          [
            54.9842179,
            24.9782219
          ],
          [
            54.983772,
            24.9784557
          ],
          [
            54.9832405,
            24.9786473
          ],
          [
            54.9825463,
            24.9788982
          ],
          [
            54.9822298,
            24.9790433
          ]
        ]
      },
      "properties": {
        "osm_id": 664469620,
        "kind": "coastline",
        "name": null
      }
    },
    {
      "type": "Feature",
      "geometry": {
        "type": "LineString",
        "coordinates": [
          [
            54.9605162,
            24.9756202
          ],
          [
            54.9605803,
            24.9757106
          ],
          [
            54.9606729,
            24.9756816
          ],
          [
            54.9615061,
            24.9725861
          ],
          [
            54.9614135,
            24.9725087
          ],
          [
            54.9613245,
            24.9725442
          ],
          [
            54.9605162,
            24.9756202
          ]
        ]
      },
      "properties": {
        "osm_id": 664469623,
        "kind": "breakwater",
        "name": null
      }
    },
    {
      "type": "Feature",
      "geometry": {
        "type": "LineString",
        "coordinates": [
          [
            55.0173896,
            25.0201878
          ],
          [
            55.0169624,
            25.019957
          ],
          [
            55.0168309,
            25.0199496
          ],
          [
            55.0167898,
            25.0200538
          ],
          [
            55.0173567,
            25.0204484
          ],
          [
            55.0183618,
            25.0210329
          ],
          [
            55.0196385,
            25.0217037
          ],
          [
            55.0201421,
            25.0219896
          ],
          [
            55.0227264,
            25.0233146
          ],
          [
            55.0309559,
            25.0179821
          ],
          [
            55.030964,
            25.0179249
          ],
          [
            55.0309621,
            25.0178693
          ],
          [
            55.0309257,
            25.0178282
          ],
          [
            55.0308821,
            25.0177891
          ],
          [
            55.0308169,
            25.0177859
          ],
          [
            55.0307606,
            25.0177893
          ],
          [
            55.0305381,
            25.0179337
          ],
          [
            55.0226904,
            25.0230278
          ],
          [
            55.0207978,
            25.0220731
          ],
          [
            55.0176966,
            25.0204642
          ],
          [
            55.0173896,
            25.0201878
          ]
        ]
      },
      "properties": {
        "osm_id": 664471496,
        "kind": "breakwater",
        "name": null
      }
    },
    {
      "type": "Feature",
      "geometry": {
        "type": "LineString",
        "coordinates": [
          [
            55.0385466,
            25.0202808
          ],
          [
            55.0385964,
            25.0203985
          ],
          [
            55.0385079,
            25.0204374
          ],
          [
            55.0369415,
            25.0172607
          ],
          [
            55.0414284,
            25.0065272
          ],
          [
            55.0456586,
            24.9964071
          ],
          [
            55.0456289,
            24.9963919
          ],
          [
            55.0455347,
            24.9965537
          ],
          [
            55.0454244,
            24.9966754
          ],
          [
            55.0453327,
            24.9967795
          ],
          [
            55.0450441,
            24.9974946
          ],
          [
            55.0448234,
            24.9980347
          ],
          [
            55.0441126,
            24.9996978
          ],
          [
            55.0440628,
            24.9997125
          ],
          [
            55.0377939,
            25.0147889
          ],
          [
            55.0367998,
            25.0171752
          ],
          [
            55.0367882,
            25.0172684
          ],
          [
            55.0383313,
            25.0205141
          ],
          [
            55.0384034,
            25.0206108
          ],
          [
            55.0385108,
            25.0206474
          ],
          [
            55.0386388,
            25.0206238
          ],
          [
            55.0387054,
            25.0204901
          ],
          [
            55.0386746,
            25.0203716
          ],
          [
            55.0385466,
            25.0202808
          ]
        ]
      },
      "properties": {
        "osm_id": 664471497,
        "kind": "breakwater",
        "name": null
      }
    },
    {
      "type": "Feature",
      "geometry": {
        "type": "LineString",
        "coordinates": [
          [
            55.0128882,
            24.9832878
          ],
          [
            55.0127496,
            24.9834446
          ],
          [
            55.012329,
            24.9840039
          ],
          [
            55.0123341,
            24.9840427
          ],
          [
            55.0123238,
            24.9840922
          ],
          [
            55.0122989,
            24.9841276
          ],
          [
            55.0122475,
            24.9841513
          ],
          [
            55.0121985,
            24.9841595
          ],
          [
            55.0121689,
            24.9841557
          ],
          [
            55.0121469,
            24.9841483
          ],
          [
            55.0121247,
            24.984131
          ],
          [
            55.0121063,
            24.9841095
          ],
          [
            55.0120871,
            24.9840764
          ],
          [
            55.012077,
            24.9840325
          ],
          [
            55.0120914,
            24.9839942
          ],
          [
            55.012121,
            24.9839588
          ],
          [
            55.0121527,
            24.9839359
          ],
          [
            55.0122097,
            24.9839163
          ],
          [
            55.0133796,
            24.9822923
          ],
          [
            55.0134191,
            24.9823156
          ],
          [
            55.0122154,
            24.9839742
          ],
          [
            55.0121888,
            24.9839826
          ],
          [
            55.0121542,
            24.9840046
          ],
          [
            55.012123,
            24.984036
          ],
          [
            55.0121287,
            24.9840727
          ],
          [
            55.0121507,
            24.9841009
          ],
          [
            55.0121888,
            24.9841198
          ],
          [
            55.0122304,
            24.9841187
          ],
          [
            55.0122674,
            24.9840863
          ],
          [
            55.0122801,
            24.9840475
          ],
          [
            55.0122731,
            24.9840077
          ],
          [
            55.0132458,
            24.9826684
          ],
          [
            55.0133036,
            24.982703
          ],
          [
            55.0129601,
            24.9831889
          ],
          [
            55.0129128,
            24.983254
          ],
          [
            55.0128882,
            24.9832878
          ]
        ]
      },
      "properties": {
        "osm_id": 664641018,
        "kind": "breakwater",
        "name": null
      }
    },
    {
      "type": "Feature",
      "geometry": {
        "type": "LineString",
        "coordinates": [
          [
            54.9646353,
            24.9817439
          ],
          [
            54.9648165,
            24.9816123
          ],
          [
            54.9648549,
            24.9815398
          ],
          [
            54.9648507,
            24.9814902
          ],
          [
            54.9649438,
            24.9814305
          ],
          [
            54.9650837,
            24.9813601
          ],
          [
            54.9651251,
            24.9813929
          ],
          [
            54.9651771,
            24.9813958
          ],
          [
            54.9652821,
            24.9813598
          ],
          [
            54.9653906,
            24.9813155
          ]
        ]
      },
      "properties": {
        "osm_id": 665285982,
        "kind": "coastline",
        "name": null
      }
    },
    {
      "type": "Feature",
      "geometry": {
        "type": "LineString",
        "coordinates": [
          [
            54.9576492,
            24.9875
          ],
          [
            54.9579128,
            24.9873557
          ],
          [
            54.9580662,
            24.9872226
          ],
          [
            54.9587358,
            24.9864813
          ],
          [
            54.9594327,
            24.9857201
          ],
          [
            54.9606745,
            24.9846129
          ],
          [
            54.9618238,
            24.9837141
          ],
          [
            54.9631025,
            24.9827741
          ],
          [
            54.9643639,
            24.9819324
          ],
          [
            54.9646353,
            24.9817439
          ]
        ]
      },
      "properties": {
        "osm_id": 665285983,
        "kind": "coastline",
        "name": null
      }
    },
    {
      "type": "Feature",
      "geometry": {
        "type": "LineString",
        "coordinates": [
          [
            54.9678821,
            24.9800322
          ],
          [
            54.9678869,
            24.9799734
          ],
          [
            54.9679377,
            24.9798632
          ],
          [
            54.9680439,
            24.9797302
          ],
          [
            54.9684865,
            24.9795315
          ],
          [
            54.9686391,
            24.9795082
          ],
          [
            54.9688016,
            24.9795508
          ],
          [
            54.9689566,
            24.9796312
          ]
        ]
      },
      "properties": {
        "osm_id": 665295697,
        "kind": "coastline",
        "name": null
      }
    },
    {
      "type": "Feature",
      "geometry": {
        "type": "LineString",
        "coordinates": [
          [
            54.9689566,
            24.9796312
          ],
          [
            54.9691235,
            24.9796089
          ],
          [
            54.9704407,
            24.9790959
          ],
          [
            54.971957,
            24.9786142
          ],
          [
            54.9724021,
            24.9784709
          ],
          [
            54.972525,
            24.9784201
          ],
          [
            54.9726097,
            24.978299
          ],
          [
            54.9726847,
            24.9781937
          ],
          [
            54.9727716,
            24.978114
          ],
          [
            54.9728226,
            24.9780218
          ],
          [
            54.9729048,
            24.9777148
          ],
          [
            54.9729483,
            24.9773379
          ],
          [
            54.97291,
            24.9769784
          ],
          [
            54.9728204,
            24.9766428
          ],
          [
            54.9727004,
            24.9764188
          ],
          [
            54.9725811,
            24.9762635
          ],
          [
            54.9725122,
            24.976222
          ]
        ]
      },
      "properties": {
        "osm_id": 665295698,
        "kind": "coastline",
        "name": null
      }
    },
    {
      "type": "Feature",
      "geometry": {
        "type": "LineString",
        "coordinates": [
          [
            54.9653906,
            24.9813155
          ],
          [
            54.9655224,
            24.9812783
          ],
          [
            54.9666634,
            24.9806854
          ],
          [
            54.9675808,
            24.9802298
          ],
          [
            54.9677235,
            24.9801829
          ],
          [
            54.9678255,
            24.9801277
          ],
          [
            54.9678821,
            24.9800322
          ]
        ]
      },
      "properties": {
        "osm_id": 665295703,
        "kind": "coastline",
        "name": null
      }
    },
    {
      "type": "Feature",
      "geometry": {
        "type": "LineString",
        "coordinates": [
          [
            54.9822298,
            24.9790433
          ],
          [
            54.9822314,
            24.9796295
          ],
          [
            54.9822216,
            24.9798667
          ],
          [
            54.982244,
            24.9802303
          ],
          [
            54.9822515,
            24.9806307
          ],
          [
            54.9822505,
            24.9815804
          ],
          [
            54.9822401,
            24.9816324
          ],
          [
            54.9821818,
            24.9816606
          ],
          [
            54.9821412,
            24.9816454
          ],
          [
            54.9820962,
            24.98161
          ],
          [
            54.9820888,
            24.9815549
          ],
          [
            54.9820641,
            24.9813019
          ]
        ]
      },
      "properties": {
        "osm_id": 665295716,
        "kind": "coastline",
        "name": null
      }
    },
    {
      "type": "Feature",
      "geometry": {
        "type": "LineString",
        "coordinates": [
          [
            54.9820641,
            24.9813019
          ],
          [
            54.981998,
            24.9812149
          ],
          [
            54.9818388,
            24.9810499
          ],
          [
            54.981696,
            24.9809423
          ],
          [
            54.981532,
            24.980848
          ],
          [
            54.9811462,
            24.9807697
          ],
          [
            54.9806927,
            24.9807873
          ],
          [
            54.9794916,
            24.9808819
          ],
          [
            54.9773297,
            24.981224
          ],
          [
            54.9758668,
            24.9814635
          ],
          [
            54.9743546,
            24.9817832
          ],
          [
            54.9731656,
            24.9820951
          ],
          [
            54.9716249,
            24.9826244
          ],
          [
            54.9703822,
            24.9830764
          ],
          [
            54.9688617,
            24.9837748
          ],
          [
            54.9672221,
            24.9846404
          ],
          [
            54.9659984,
            24.9854174
          ],
          [
            54.9647308,
            24.986341
          ],
          [
            54.9635466,
            24.9872444
          ],
          [
            54.9627401,
            24.9879426
          ],
          [
            54.961904,
            24.9887631
          ],
          [
            54.9609427,
            24.9898404
          ],
          [
            54.9601051,
            24.990806
          ],
          [
            54.9596456,
            24.9914626
          ],
          [
            54.9596236,
            24.9917031
          ],
          [
            54.9601502,
            24.991942
          ],
          [
            54.9601889,
            24.991991
          ],
          [
            54.9601889,
            24.9920445
          ],
          [
            54.9601587,
            24.9920844
          ],
          [
            54.9600718,
            24.9920991
          ],
          [
            54.9594163,
            24.9918864
          ],
          [
            54.958452,
            24.9914503
          ]
        ]
      },
      "properties": {
        "osm_id": 665295717,
        "kind": "coastline",
        "name": null
      }
    },
    {
      "type": "Feature",
      "geometry": {
        "type": "LineString",
        "coordinates": [
          [
            54.9830722,
            24.9772638
          ],
          [
            54.9831114,
            24.9772692
          ],
          [
            54.983187,
            24.9772405
          ],
          [
            54.9832269,
            24.9772139
          ],
          [
            54.9832403,
            24.9771672
          ],
          [
            54.9832879,
            24.9771537
          ],
          [
            54.9833508,
            24.9771722
          ],
          [
            54.9834537,
            24.9771869
          ],
          [
            54.9836406,
            24.9771448
          ],
          [
            54.9838,
            24.977096
          ],
          [
            54.983954,
            24.977055
          ],
          [
            54.9850494,
            24.9764279
          ],
          [
            54.9862362,
            24.9754824
          ],
          [
            54.9870176,
            24.9746307
          ],
          [
            54.987374,
            24.974139
          ],
          [
            54.987558,
            24.9736214
          ],
          [
            54.9876227,
            24.9730201
          ],
          [
            54.9876004,
            24.972307
          ],
          [
            54.9874304,
            24.9715761
          ],
          [
            54.9872144,
            24.971205
          ]
        ]
      },
      "properties": {
        "osm_id": 667137667,
        "kind": "coastline",
        "name": null
      }
    },
    {
      "type": "Feature",
      "geometry": {
        "type": "LineString",
        "coordinates": [
          [
            54.9803642,
            24.9770136
          ],
          [
            54.9803602,
            24.9769464
          ],
          [
            54.980376,
            24.9769208
          ],
          [
            54.9804181,
            24.9769031
          ],
          [
            54.9804616,
            24.9769063
          ],
          [
            54.9804912,
            24.9769266
          ],
          [
            54.9805052,
            24.9769468
          ],
          [
            54.9805307,
            24.9772017
          ],
          [
            54.9805432,
            24.9772459
          ],
          [
            54.9805648,
            24.9772698
          ],
          [
            54.9806051,
            24.9772922
          ],
          [
            54.9806768,
            24.977299
          ],
          [
            54.9816389,
            24.9772476
          ],
          [
            54.9830047,
            24.9772242
          ],
          [
            54.9830569,
            24.9772376
          ],
          [
            54.9830722,
            24.9772638
          ]
        ]
      },
      "properties": {
        "osm_id": 667137668,
        "kind": "coastline",
        "name": null
      }
    },
    {
      "type": "Feature",
      "geometry": {
        "type": "LineString",
        "coordinates": [
          [
            54.9725122,
            24.976222
          ],
          [
            54.9707221,
            24.976761
          ],
          [
            54.969201,
            24.9772716
          ],
          [
            54.967998,
            24.9777214
          ],
          [
            54.9671663,
            24.9780759
          ],
          [
            54.9663005,
            24.9784643
          ],
          [
            54.9654242,
            24.9788911
          ],
          [
            54.9645449,
            24.9793588
          ],
          [
            54.9636432,
            24.9798573
          ],
          [
            54.9627838,
            24.9803815
          ],
          [
            54.9619912,
            24.9808897
          ],
          [
            54.96132,
            24.9813469
          ],
          [
            54.9606391,
            24.9818484
          ],
          [
            54.9599943,
            24.982343
          ],
          [
            54.9594186,
            24.9828062
          ],
          [
            54.9587754,
            24.9833682
          ],
          [
            54.9583714,
            24.9837265
          ],
          [
            54.9583237,
            24.983832
          ],
          [
            54.958328,
            24.9839727
          ],
          [
            54.9583653,
            24.984236
          ],
          [
            54.95836,
            24.9843249
          ],
          [
            54.9582986,
            24.9844284
          ],
          [
            54.958201,
            24.9844912
          ],
          [
            54.9581042,
            24.9845043
          ],
          [
            54.9579926,
            24.984481
          ],
          [
            54.9569072,
            24.9840606
          ],
          [
            54.9568172,
            24.983991
          ],
          [
            54.9567873,
            24.9838891
          ],
          [
            54.9568006,
            24.983787
          ],
          [
            54.9568577,
            24.9837173
          ],
          [
            54.9569304,
            24.9836695
          ],
          [
            54.957027,
            24.9836502
          ],
          [
            54.957815,
            24.9836749
          ],
          [
            54.9579297,
            24.9836677
          ],
          [
            54.9580288,
            24.983616
          ],
          [
            54.958344,
            24.9833313
          ],
          [
            54.9590086,
            24.9827501
          ],
          [
            54.9596043,
            24.9822598
          ],
          [
            54.9602796,
            24.9817347
          ],
          [
            54.961029,
            24.9811796
          ],
          [
            54.9615906,
            24.9807747
          ],
          [
            54.9623335,
            24.9802966
          ],
          [
            54.9623748,
            24.9801641
          ],
          [
            54.962476,
            24.9801089
          ],
          [
            54.9626148,
            24.9801289
          ],
          [
            54.9630986,
            24.9798311
          ],
          [
            54.9637357,
            24.9794548
          ],
          [
            54.9647135,
            24.9789168
          ],
          [
            54.965642,
            24.9784413
          ],
          [
            54.9664705,
            24.9780578
          ],
          [
            54.9674828,
            24.9776149
          ],
          [
            54.9675151,
            24.9775099
          ],
          [
            54.9676304,
            24.9774558
          ],
          [
            54.9677515,
            24.9774914
          ],
          [
            54.9682869,
            24.9772794
          ],
          [
            54.9693676,
            24.9768731
          ],
          [
            54.9706357,
            24.9764617
          ],
          [
            54.9722201,
            24.9759969
          ],
          [
            54.9722862,
            24.975899
          ],
          [
            54.9724119,
            24.9758651
          ],
          [
            54.9725287,
            24.9759238
          ],
          [
            54.9732204,
            24.9757456
          ],
          [
            54.9739688,
            24.9755804
          ],
          [
            54.9749264,
            24.9753826
          ],
          [
            54.9757365,
            24.9752352
          ],
          [
            54.9765818,
            24.975088
          ],
          [
            54.9774808,
            24.9749735
          ],
          [
            54.9782218,
            24.9748878
          ],
          [
            54.9787426,
            24.9748293
          ],
          [
            54.978827,
            24.9747865
          ],
          [
            54.9789229,
            24.9746877
          ],
          [
            54.9791152,
            24.9744076
          ],
          [
            54.9792004,
            24.9743512
          ],
          [
            54.9793131,
            24.974332
          ],
          [
            54.9794175,
            24.97437
          ],
          [
            54.9795209,
            24.9744359
          ],
          [
            54.9801197,
            24.9754677
          ],
          [
            54.9801177,
            24.9755489
          ],
          [
            54.980098,
            24.9756154
          ],
          [
            54.9800346,
            24.9756889
          ],
          [
            54.9799376,
            24.9757282
          ],
          [
            54.979831,
            24.9757328
          ],
          [
            54.9797307,
            24.9756904
          ],
          [
            54.9791072,
            24.9752
          ],
          [
            54.9789818,
            24.9751408
          ],
          [
            54.9788654,
            24.9751323
          ],
          [
            54.9780779,
            24.9752193
          ],
          [
            54.9770104,
            24.9753502
          ],
          [
            54.9761102,
            24.9754852
          ],
          [
            54.9753349,
            24.9756253
          ],
          [
            54.9745084,
            24.9757955
          ],
          [
            54.9737441,
            24.9759546
          ],
          [
            54.9734283,
            24.9760138
          ],
          [
            54.9733792,
            24.976081
          ],
          [
            54.9733885,
            24.9761775
          ],
          [
            54.9734386,
            24.9764022
          ],
          [
            54.9735662,
            24.9768074
          ],
          [
            54.9737549,
            24.9772732
          ],
          [
            54.9739483,
            24.9776184
          ],
          [
            54.9740632,
            24.9777764
          ],
          [
            54.9742255,
            24.9778806
          ],
          [
            54.9744271,
            24.9779284
          ],
          [
            54.9748332,
            24.9779004
          ],
          [
            54.9758556,
            24.9776884
          ],
          [
            54.9778731,
            24.977354
          ],
          [
            54.9793813,
            24.9771778
          ],
          [
            54.9797715,
            24.9771422
          ],
          [
            54.9800526,
            24.9770949
          ],
          [
            54.9802494,
            24.977076
          ],
          [
            54.9803393,
            24.9770481
          ],
          [
            54.9803642,
            24.9770136
          ]
        ]
      },
      "properties": {
        "osm_id": 667138870,
        "kind": "coastline",
        "name": null
      }
    },
    {
      "type": "Feature",
      "geometry": {
        "type": "LineString",
        "coordinates": [
          [
            55.1081278,
            25.0987183
          ],
          [
            55.1097853,
            25.0941444
          ],
          [
            55.1101162,
            25.0942428
          ],
          [
            55.1084586,
            25.0988166
          ],
          [
            55.1081278,
            25.0987183
          ]
        ]
      },
      "properties": {
        "osm_id": 685603250,
        "kind": "coastline",
        "name": null
      }
    },
    {
      "type": "Feature",
      "geometry": {
        "type": "LineString",
        "coordinates": [
          [
            55.113433,
            25.0946926
          ],
          [
            55.1150905,
            25.0901187
          ],
          [
            55.1154214,
            25.090217
          ],
          [
            55.1137638,
            25.0947909
          ],
          [
            55.113433,
            25.0946926
          ]
        ]
      },
      "properties": {
        "osm_id": 685603251,
        "kind": "coastline",
        "name": null
      }
    },
    {
      "type": "Feature",
      "geometry": {
        "type": "LineString",
        "coordinates": [
          [
            55.0403551,
            24.9941922
          ],
          [
            55.039967,
            24.9940346
          ],
          [
            55.038812,
            24.9936685
          ],
          [
            55.0375909,
            24.993382
          ],
          [
            55.0367704,
            24.9932606
          ],
          [
            55.0366339,
            24.9932633
          ],
          [
            55.0362323,
            24.9945607
          ],
          [
            55.0361465,
            24.9948378
          ],
          [
            55.0361103,
            24.9950255
          ],
          [
            55.0360695,
            24.995084
          ],
          [
            55.0359323,
            24.9952342
          ],
          [
            55.035911,
            24.9952985
          ],
          [
            55.0358947,
            24.9953446
          ],
          [
            55.0355486,
            24.9956861
          ],
          [
            55.0354799,
            24.9957485
          ],
          [
            55.0354048,
            24.9957908
          ],
          [
            55.0344606,
            24.9960489
          ],
          [
            55.0342827,
            24.9960971
          ],
          [
            55.0341405,
            24.9960991
          ],
          [
            55.0326699,
            24.9958857
          ],
          [
            55.0325401,
            24.9958872
          ],
          [
            55.032437,
            24.9958423
          ],
          [
            55.0323839,
            24.995757
          ],
          [
            55.0324,
            24.9956688
          ],
          [
            55.0324779,
            24.9955964
          ],
          [
            55.0325721,
            24.995555
          ],
          [
            55.0327148,
            24.9955574
          ],
          [
            55.0328279,
            24.9955842
          ],
          [
            55.0328602,
            24.9956282
          ],
          [
            55.0330675,
            24.9957355
          ],
          [
            55.0340918,
            24.9958839
          ],
          [
            55.0342214,
            24.9958865
          ],
          [
            55.0343311,
            24.9958753
          ],
          [
            55.0352726,
            24.995616
          ],
          [
            55.0353453,
            24.9955745
          ],
          [
            55.0354098,
            24.9955054
          ],
          [
            55.035406,
            24.9954573
          ],
          [
            55.0353589,
            24.9954219
          ],
          [
            55.0353549,
            24.9953889
          ],
          [
            55.0352498,
            24.9953084
          ],
          [
            55.035235,
            24.9952376
          ],
          [
            55.0356403,
            24.9947789
          ],
          [
            55.0361209,
            24.9931601
          ],
          [
            55.0360707,
            24.9931275
          ],
          [
            55.0361061,
            24.9930071
          ],
          [
            55.0356427,
            24.9928734
          ],
          [
            55.0356172,
            24.9929479
          ],
          [
            55.0355372,
            24.9929278
          ],
          [
            55.0355628,
            24.9928525
          ],
          [
            55.0354111,
            24.992812
          ],
          [
            55.0353374,
            24.9930591
          ],
          [
            55.0352518,
            24.9930413
          ],
          [
            55.0353071,
            24.9928632
          ],
          [
            55.0352463,
            24.992784
          ],
          [
            55.0351757,
            24.992719
          ],
          [
            55.0349605,
            24.9926813
          ],
          [
            55.0348431,
            24.9926664
          ],
          [
            55.0347752,
            24.9925892
          ],
          [
            55.03468,
            24.9925444
          ],
          [
            55.0344471,
            24.9925
          ],
          [
            55.0342292,
            24.9924669
          ],
          [
            55.0341421,
            24.9925063
          ],
          [
            55.0339877,
            24.9924703
          ],
          [
            55.033765,
            24.9924162
          ],
          [
            55.0333806,
            24.9923874
          ],
          [
            55.0330608,
            24.9923607
          ],
          [
            55.0328863,
            24.9923868
          ],
          [
            55.0327367,
            24.9924406
          ],
          [
            55.0326605,
            24.9924576
          ],
          [
            55.0325505,
            24.9924224
          ],
          [
            55.0323174,
            24.9923752
          ],
          [
            55.0320818,
            24.9923734
          ],
          [
            55.0317552,
            24.9923875
          ],
          [
            55.0315998,
            24.992426
          ],
          [
            55.0315971,
            24.9926396
          ],
          [
            55.0315753,
            24.9927264
          ],
          [
            55.031516,
            24.9927825
          ],
          [
            55.0314939,
            24.9927831
          ],
          [
            55.0314631,
            24.9927825
          ],
          [
            55.0314191,
            24.9926989
          ],
          [
            55.0314244,
            24.992383
          ],
          [
            55.0313674,
            24.992369
          ],
          [
            55.0309581,
            24.9924201
          ],
          [
            55.0307435,
            24.9924807
          ],
          [
            55.0304269,
            24.9934718
          ],
          [
            55.0303247,
            24.9938049
          ],
          [
            55.0303087,
            24.9938964
          ],
          [
            55.0303227,
            24.993988
          ],
          [
            55.0308639,
            24.9956832
          ],
          [
            55.0309309,
            24.9958316
          ],
          [
            55.0310204,
            24.9959598
          ],
          [
            55.0315624,
            24.9964751
          ],
          [
            55.0318045,
            24.9967338
          ],
          [
            55.031866,
            24.996748
          ],
          [
            55.0320859,
            24.9969692
          ],
          [
            55.0321582,
            24.9970648
          ],
          [
            55.0321707,
            24.9971601
          ],
          [
            55.0321247,
            24.9972495
          ],
          [
            55.0320208,
            24.9972817
          ],
          [
            55.0318875,
            24.9972651
          ],
          [
            55.0317927,
            24.9972004
          ],
          [
            55.0316657,
            24.9970388
          ],
          [
            55.0316188,
            24.9969254
          ],
          [
            55.0315601,
            24.9968108
          ],
          [
            55.0308191,
            24.9960913
          ],
          [
            55.0307062,
            24.9959557
          ],
          [
            55.0305875,
            24.9957085
          ],
          [
            55.0305009,
            24.9954969
          ],
          [
            55.0305189,
            24.9953782
          ],
          [
            55.0301183,
            24.9940319
          ],
          [
            55.0301133,
            24.9939
          ],
          [
            55.0303655,
            24.9929683
          ],
          [
            55.0306397,
            24.9920815
          ],
          [
            55.0306022,
            24.9920152
          ],
          [
            55.0305306,
            24.9919256
          ],
          [
            55.0302059,
            24.9916492
          ],
          [
            55.030209,
            24.9915769
          ],
          [
            55.0301862,
            24.9915155
          ],
          [
            55.0301374,
            24.9914011
          ],
          [
            55.0300241,
            24.9912742
          ],
          [
            55.0297584,
            24.9910893
          ],
          [
            55.0296168,
            24.9909785
          ],
          [
            55.0292656,
            24.9907102
          ],
          [
            55.0289819,
            24.9905005
          ],
          [
            55.0286346,
            24.9903704
          ],
          [
            55.0282546,
            24.9903115
          ],
          [
            55.0279713,
            24.9902303
          ],
          [
            55.0275624,
            24.9900334
          ],
          [
            55.0270803,
            24.9899294
          ],
          [
            55.0266872,
            24.9899035
          ],
          [
            55.0263496,
            24.989939
          ]
        ]
      },
      "properties": {
        "osm_id": 693749842,
        "kind": "coastline",
        "name": null
      }
    },
    {
      "type": "Feature",
      "geometry": {
        "type": "LineString",
        "coordinates": [
          [
            55.0722041,
            25.0280832
          ],
          [
            55.0721299,
            25.0280176
          ],
          [
            55.0721372,
            25.0279266
          ],
          [
            55.0721746,
            25.0278448
          ],
          [
            55.0724746,
            25.0270954
          ],
          [
            55.0726803,
            25.026638
          ],
          [
            55.0726979,
            25.0265691
          ],
          [
            55.0726675,
            25.0265163
          ],
          [
            55.0724758,
            25.0264664
          ],
          [
            55.0724,
            25.026496
          ],
          [
            55.0723802,
            25.0266724
          ],
          [
            55.0723543,
            25.0267661
          ],
          [
            55.0432927,
            25.0217101
          ],
          [
            55.0434813,
            25.0208577
          ],
          [
            55.0435635,
            25.0208747
          ],
          [
            55.0435555,
            25.020923
          ],
          [
            55.0436692,
            25.0209372
          ],
          [
            55.0437991,
            25.0208919
          ],
          [
            55.0439522,
            25.0202287
          ],
          [
            55.04401,
            25.0199557
          ],
          [
            55.0440808,
            25.0197312
          ],
          [
            55.0442011,
            25.0195538
          ],
          [
            55.0443464,
            25.0194509
          ],
          [
            55.0445194,
            25.0193877
          ],
          [
            55.0447905,
            25.0193886
          ],
          [
            55.0463575,
            25.01985
          ],
          [
            55.0465175,
            25.0198172
          ],
          [
            55.0466983,
            25.0194233
          ],
          [
            55.0470065,
            25.018752
          ],
          [
            55.0465987,
            25.0183474
          ],
          [
            55.0469048,
            25.0174782
          ],
          [
            55.0469713,
            25.0174423
          ],
          [
            55.0475747,
            25.0174168
          ],
          [
            55.0481274,
            25.0160702
          ],
          [
            55.0476893,
            25.0156946
          ],
          [
            55.0480149,
            25.0148145
          ],
          [
            55.048112,
            25.0147551
          ],
          [
            55.0486937,
            25.0147473
          ],
          [
            55.0492714,
            25.0133824
          ],
          [
            55.0488682,
            25.0130091
          ],
          [
            55.0492459,
            25.0121068
          ],
          [
            55.0498159,
            25.0121034
          ],
          [
            55.0504132,
            25.0107457
          ],
          [
            55.049984,
            25.0103645
          ],
          [
            55.0503445,
            25.00947
          ],
          [
            55.0509625,
            25.0094311
          ],
          [
            55.051486,
            25.0081088
          ],
          [
            55.0510639,
            25.0076864
          ],
          [
            55.0514123,
            25.0067946
          ],
          [
            55.052059,
            25.0067648
          ],
          [
            55.0524302,
            25.0055808
          ],
          [
            55.0507236,
            25.003061
          ],
          [
            55.0507339,
            25.0029714
          ],
          [
            55.0504496,
            25.0026114
          ],
          [
            55.0529219,
            24.9968055
          ],
          [
            55.0527746,
            24.9966383
          ],
          [
            55.0547169,
            24.9947684
          ],
          [
            55.0549038,
            24.9949202
          ],
          [
            55.0551093,
            24.9947333
          ],
          [
            55.0554606,
            24.9950458
          ],
          [
            55.0559521,
            24.994869
          ],
          [
            55.0640846,
            25.0019273
          ],
          [
            55.0656918,
            25.0033221
          ],
          [
            55.0717416,
            25.0085725
          ],
          [
            55.0758725,
            25.0046181
          ],
          [
            55.0576603,
            24.988889
          ],
          [
            55.0605951,
            24.9818363
          ],
          [
            55.0607487,
            24.9818204
          ],
          [
            55.0725903,
            24.9921154
          ],
          [
            55.079011,
            24.9976957
          ],
          [
            55.0818831,
            24.9949574
          ],
          [
            55.0553662,
            24.9718942
          ],
          [
            55.0528669,
            24.9742762
          ],
          [
            55.05178,
            24.9733667
          ],
          [
            55.0490732,
            24.9759513
          ],
          [
            55.0501487,
            24.9768929
          ],
          [
            55.050002,
            24.9770143
          ],
          [
            55.054532,
            24.9810548
          ],
          [
            55.0546023,
            24.9812468
          ],
          [
            55.0549194,
            24.9813437
          ],
          [
            55.0482847,
            24.9971834
          ],
          [
            55.0484041,
            24.9972227
          ],
          [
            55.0476721,
            24.9989834
          ],
          [
            55.0466965,
            25.0013298
          ],
          [
            55.0463065,
            25.0014971
          ],
          [
            55.0463163,
            25.0016102
          ],
          [
            55.0462135,
            25.0015897
          ],
          [
            55.043311,
            25.0027823
          ],
          [
            55.0432395,
            25.0029386
          ],
          [
            55.0433952,
            25.0029768
          ],
          [
            55.0425749,
            25.0049623
          ],
          [
            55.0439602,
            25.0054464
          ],
          [
            55.0439085,
            25.0055869
          ],
          [
            55.0427437,
            25.0051778
          ],
          [
            55.0426472,
            25.0053725
          ],
          [
            55.0422055,
            25.0052328
          ],
          [
            55.0420618,
            25.0053073
          ],
          [
            55.0418165,
            25.005757
          ],
          [
            55.0414984,
            25.0065196
          ],
          [
            55.0397591,
            25.0106888
          ],
          [
            55.0391181,
            25.0122254
          ],
          [
            55.0370362,
            25.0172275
          ],
          [
            55.037451,
            25.0180912
          ],
          [
            55.0385466,
            25.0202808
          ],
          [
            55.0386746,
            25.0203716
          ],
          [
            55.0387054,
            25.0204901
          ],
          [
            55.0386388,
            25.0206238
          ],
          [
            55.0385108,
            25.0206474
          ],
          [
            55.0384034,
            25.0206108
          ],
          [
            55.0383313,
            25.0205141
          ],
          [
            55.0367882,
            25.0172684
          ],
          [
            55.0367998,
            25.0171752
          ],
          [
            55.0377939,
            25.0147889
          ],
          [
            55.0440628,
            24.9997125
          ],
          [
            55.0441126,
            24.9996978
          ],
          [
            55.0448234,
            24.9980347
          ],
          [
            55.0448064,
            24.9979658
          ],
          [
            55.0447468,
            24.9979145
          ],
          [
            55.04475,
            24.9978617
          ],
          [
            55.0448332,
            24.9977648
          ],
          [
            55.0448761,
            24.997678
          ],
          [
            55.0448345,
            24.9976395
          ],
          [
            55.0448508,
            24.9976213
          ],
          [
            55.044812,
            24.997585
          ],
          [
            55.0448532,
            24.9975512
          ],
          [
            55.0448544,
            24.9975221
          ],
          [
            55.0448746,
            24.997497
          ],
          [
            55.0449627,
            24.9975057
          ],
          [
            55.0450441,
            24.9974946
          ],
          [
            55.0453327,
            24.9967795
          ],
          [
            55.0452455,
            24.9966776
          ],
          [
            55.0449379,
            24.9964434
          ],
          [
            55.044293,
            24.996119
          ],
          [
            55.0430026,
            24.9954408
          ],
          [
            55.0418034,
            24.9948301
          ],
          [
            55.0407658,
            24.994361
          ],
          [
            55.0403551,
            24.9941922
          ]
        ]
      },
      "properties": {
        "osm_id": 693749843,
        "kind": "coastline",
        "name": null
      }
    },
    {
      "type": "Feature",
      "geometry": {
        "type": "LineString",
        "coordinates": [
          [
            55.0445359,
            25.0409249
          ],
          [
            55.0402321,
            25.0382739
          ],
          [
            55.0375958,
            25.03665
          ],
          [
            55.0368158,
            25.0361695
          ],
          [
            55.0366167,
            25.0360205
          ],
          [
            55.0365268,
            25.035888
          ],
          [
            55.0364985,
            25.0357667
          ],
          [
            55.0365111,
            25.0356454
          ],
          [
            55.0365716,
            25.0355029
          ],
          [
            55.0367058,
            25.0353407
          ],
          [
            55.0399553,
            25.0324421
          ],
          [
            55.0413088,
            25.0290467
          ],
          [
            55.0413479,
            25.0289251
          ],
          [
            55.0409639,
            25.0282477
          ],
          [
            55.0409575,
            25.0281676
          ],
          [
            55.0410012,
            25.0281227
          ],
          [
            55.0410627,
            25.0281498
          ],
          [
            55.0414721,
            25.0288835
          ],
          [
            55.0414958,
            25.0289438
          ],
          [
            55.0414935,
            25.0290075
          ],
          [
            55.0414563,
            25.0292552
          ]
        ]
      },
      "properties": {
        "osm_id": 722941438,
        "kind": "coastline",
        "name": null
      }
    },
    {
      "type": "Feature",
      "geometry": {
        "type": "LineString",
        "coordinates": [
          [
            55.0410279,
            25.0353358
          ],
          [
            55.0402332,
            25.0351513
          ],
          [
            55.0392367,
            25.035008
          ]
        ]
      },
      "properties": {
        "osm_id": 722941439,
        "kind": "coastline",
        "name": null
      }
    },
    {
      "type": "Feature",
      "geometry": {
        "type": "LineString",
        "coordinates": [
          [
            55.0414563,
            25.0292552
          ],
          [
            55.0519615,
            25.0310844
          ],
          [
            55.0612266,
            25.0326976
          ],
          [
            55.0637244,
            25.0331325
          ]
        ]
      },
      "properties": {
        "osm_id": 722941441,
        "kind": "coastline",
        "name": null
      }
    },
    {
      "type": "Feature",
      "geometry": {
        "type": "LineString",
        "coordinates": [
          [
            55.037711,
            25.0364901
          ],
          [
            55.0379558,
            25.0366401
          ]
        ]
      },
      "properties": {
        "osm_id": 722941442,
        "kind": "coastline",
        "name": null
      }
    },
    {
      "type": "Feature",
      "geometry": {
        "type": "LineString",
        "coordinates": [
          [
            55.0392367,
            25.035008
          ],
          [
            55.0391135,
            25.0349903
          ],
          [
            55.0385436,
            25.0354443
          ],
          [
            55.0383085,
            25.0354826
          ],
          [
            55.0381085,
            25.0356019
          ],
          [
            55.037855,
            25.0359388
          ],
          [
            55.0377274,
            25.0361083
          ],
          [
            55.0376065,
            25.0361572
          ],
          [
            55.0375789,
            25.0362448
          ],
          [
            55.0376728,
            25.0363284
          ],
          [
            55.037711,
            25.0364901
          ]
        ]
      },
      "properties": {
        "osm_id": 722941444,
        "kind": "coastline",
        "name": null
      }
    },
    {
      "type": "Feature",
      "geometry": {
        "type": "LineString",
        "coordinates": [
          [
            55.0379558,
            25.0366401
          ],
          [
            55.0384498,
            25.0369428
          ],
          [
            55.0385025,
            25.0370279
          ],
          [
            55.0460581,
            25.0416565
          ],
          [
            55.0459417,
            25.0417918
          ],
          [
            55.0445359,
            25.0409249
          ]
        ]
      },
      "properties": {
        "osm_id": 722941445,
        "kind": "coastline",
        "name": null
      }
    },
    {
      "type": "Feature",
      "geometry": {
        "type": "LineString",
        "coordinates": [
          [
            55.0536002,
            25.0415786
          ],
          [
            55.053351,
            25.0411944
          ],
          [
            55.0530275,
            25.0408146
          ],
          [
            55.0528397,
            25.0407226
          ],
          [
            55.0526356,
            25.0407808
          ],
          [
            55.052602,
            25.0407904
          ],
          [
            55.0523078,
            25.0407495
          ],
          [
            55.05208,
            25.0405699
          ],
          [
            55.0520413,
            25.0405394
          ],
          [
            55.0518357,
            25.0404189
          ],
          [
            55.0516576,
            25.0401858
          ],
          [
            55.0510821,
            25.0400926
          ],
          [
            55.0508981,
            25.0402192
          ],
          [
            55.0508121,
            25.0404451
          ],
          [
            55.0506462,
            25.0405601
          ],
          [
            55.0505176,
            25.0405996
          ],
          [
            55.050381,
            25.0405977
          ],
          [
            55.0502802,
            25.040729
          ],
          [
            55.0502625,
            25.0408069
          ],
          [
            55.0502754,
            25.0409287
          ],
          [
            55.0503334,
            25.0410459
          ],
          [
            55.0504279,
            25.0412073
          ],
          [
            55.0504662,
            25.0413179
          ],
          [
            55.0503012,
            25.0413657
          ],
          [
            55.05016,
            25.0412989
          ],
          [
            55.0499655,
            25.0411017
          ],
          [
            55.0494031,
            25.0405443
          ],
          [
            55.0489988,
            25.0402025
          ],
          [
            55.0485621,
            25.0398966
          ],
          [
            55.0480593,
            25.0396252
          ],
          [
            55.0476855,
            25.0394387
          ],
          [
            55.0471696,
            25.0393367
          ],
          [
            55.0467032,
            25.0393126
          ],
          [
            55.0461893,
            25.0393931
          ],
          [
            55.0457608,
            25.0395154
          ],
          [
            55.0444856,
            25.039935
          ],
          [
            55.044294,
            25.0399549
          ]
        ]
      },
      "properties": {
        "osm_id": 722941450,
        "kind": "coastline",
        "name": null
      }
    },
    {
      "type": "Feature",
      "geometry": {
        "type": "LineString",
        "coordinates": [
          [
            55.0584808,
            25.0460619
          ],
          [
            55.0584753,
            25.0460168
          ],
          [
            55.0583335,
            25.0458891
          ],
          [
            55.058289,
            25.0458985
          ],
          [
            55.0582221,
            25.0458592
          ],
          [
            55.0581447,
            25.0457949
          ],
          [
            55.0581155,
            25.0457484
          ],
          [
            55.0581315,
            25.0456867
          ],
          [
            55.0582472,
            25.0454591
          ],
          [
            55.0582352,
            25.0454061
          ],
          [
            55.0581854,
            25.0454497
          ],
          [
            55.0580824,
            25.0455904
          ],
          [
            55.0579998,
            25.0456574
          ],
          [
            55.0579303,
            25.0456664
          ],
          [
            55.0578167,
            25.0456139
          ],
          [
            55.0577736,
            25.0456293
          ],
          [
            55.0577479,
            25.0456664
          ],
          [
            55.0577145,
            25.0457219
          ],
          [
            55.0576432,
            25.0458529
          ],
          [
            55.0575709,
            25.0459223
          ],
          [
            55.0574757,
            25.0460909
          ],
          [
            55.0574068,
            25.0461422
          ],
          [
            55.0573394,
            25.0461549
          ],
          [
            55.0573069,
            25.0462574
          ],
          [
            55.0572771,
            25.0463094
          ],
          [
            55.0572056,
            25.0462957
          ],
          [
            55.0571321,
            25.0463225
          ],
          [
            55.0570902,
            25.0463645
          ],
          [
            55.0570192,
            25.0463839
          ],
          [
            55.0569638,
            25.0463625
          ],
          [
            55.0568882,
            25.0463071
          ],
          [
            55.0568127,
            25.0462748
          ],
          [
            55.0567386,
            25.0462792
          ],
          [
            55.0566784,
            25.0462519
          ],
          [
            55.0566142,
            25.0462688
          ],
          [
            55.0565864,
            25.0463246
          ],
          [
            55.0565347,
            25.0463456
          ],
          [
            55.0564636,
            25.0463443
          ],
          [
            55.0564082,
            25.0462688
          ],
          [
            55.0563474,
            25.0461478
          ],
          [
            55.0562831,
            25.0460213
          ],
          [
            55.0561987,
            25.0458678
          ],
          [
            55.0560982,
            25.0457699
          ],
          [
            55.0559601,
            25.0456976
          ],
          [
            55.0558391,
            25.0456545
          ],
          [
            55.0556976,
            25.0456299
          ],
          [
            55.0556478,
            25.0456212
          ],
          [
            55.0554887,
            25.0456114
          ],
          [
            55.0554473,
            25.0455888
          ],
          [
            55.0551891,
            25.0457983
          ],
          [
            55.0551018,
            25.0459038
          ],
          [
            55.05502,
            25.0459396
          ],
          [
            55.055116,
            25.0457736
          ],
          [
            55.0554448,
            25.0454504
          ],
          [
            55.0559101,
            25.0449961
          ],
          [
            55.0560695,
            25.0448445
          ],
          [
            55.0561426,
            25.0447498
          ],
          [
            55.0561669,
            25.0446937
          ],
          [
            55.0561489,
            25.0446349
          ],
          [
            55.0561165,
            25.0446085
          ],
          [
            55.05582,
            25.0444108
          ],
          [
            55.0554892,
            25.0441877
          ],
          [
            55.0554415,
            25.0441444
          ],
          [
            55.055397,
            25.0440831
          ],
          [
            55.0553823,
            25.043972
          ],
          [
            55.0553895,
            25.0438669
          ],
          [
            55.0555568,
            25.0435697
          ],
          [
            55.0555815,
            25.0434679
          ],
          [
            55.0555443,
            25.043353
          ],
          [
            55.0554657,
            25.0432636
          ],
          [
            55.0553146,
            25.0431649
          ],
          [
            55.0551558,
            25.043083
          ],
          [
            55.0549682,
            25.0429973
          ],
          [
            55.0548764,
            25.0428917
          ],
          [
            55.0547566,
            25.0428024
          ],
          [
            55.0545555,
            25.0426993
          ],
          [
            55.0544313,
            25.0425944
          ],
          [
            55.0543411,
            25.0424852
          ],
          [
            55.0542848,
            25.0423603
          ],
          [
            55.0542192,
            25.0421602
          ],
          [
            55.0541104,
            25.0420279
          ],
          [
            55.0539129,
            25.0418977
          ],
          [
            55.0538163,
            25.0417582
          ],
          [
            55.0536002,
            25.0415786
          ]
        ]
      },
      "properties": {
        "osm_id": 722947679,
        "kind": "coastline",
        "name": null
      }
    },
    {
      "type": "Feature",
      "geometry": {
        "type": "LineString",
        "coordinates": [
          [
            55.0692742,
            25.0335885
          ],
          [
            55.0688986,
            25.0337078
          ],
          [
            55.0687143,
            25.0337282
          ],
          [
            55.0647547,
            25.0337246
          ],
          [
            55.0647225,
            25.0336918
          ],
          [
            55.0647037,
            25.0336468
          ],
          [
            55.0647144,
            25.033597
          ],
          [
            55.064752,
            25.0335545
          ],
          [
            55.0684901,
            25.0335725
          ],
          [
            55.0685319,
            25.0335727
          ],
          [
            55.0688216,
            25.033563
          ],
          [
            55.0691036,
            25.0334823
          ],
          [
            55.0693397,
            25.0333774
          ],
          [
            55.0695196,
            25.0332651
          ],
          [
            55.0696135,
            25.0331245
          ],
          [
            55.0696543,
            25.0327819
          ],
          [
            55.0697642,
            25.0321423
          ],
          [
            55.0699092,
            25.0317213
          ],
          [
            55.0700401,
            25.0314837
          ],
          [
            55.0701394,
            25.031435
          ],
          [
            55.0702368,
            25.03145
          ],
          [
            55.0702829,
            25.031473
          ],
          [
            55.0705495,
            25.0316057
          ],
          [
            55.0707642,
            25.0317127
          ],
          [
            55.0708976,
            25.0318251
          ],
          [
            55.0709194,
            25.0319346
          ],
          [
            55.0709075,
            25.0320691
          ],
          [
            55.0670178,
            25.0435042
          ],
          [
            55.0671115,
            25.0435332
          ],
          [
            55.0670613,
            25.0436774
          ],
          [
            55.0669778,
            25.0438162
          ],
          [
            55.0668735,
            25.0439197
          ],
          [
            55.0667307,
            25.0439937
          ],
          [
            55.0665573,
            25.0440204
          ],
          [
            55.0664552,
            25.0440142
          ],
          [
            55.0663586,
            25.0440083
          ],
          [
            55.0661471,
            25.0439468
          ],
          [
            55.0661668,
            25.0438931
          ],
          [
            55.0602693,
            25.0419453
          ],
          [
            55.0601891,
            25.0419753
          ],
          [
            55.0593778,
            25.0441477
          ],
          [
            55.0586802,
            25.046046
          ],
          [
            55.0584195,
            25.0467554
          ],
          [
            55.0581749,
            25.0474208
          ],
          [
            55.0580714,
            25.0477089
          ],
          [
            55.0579401,
            25.048054
          ],
          [
            55.0578024,
            25.0484343
          ],
          [
            55.0577264,
            25.0485697
          ],
          [
            55.0575914,
            25.0486806
          ],
          [
            55.0574512,
            25.0487516
          ],
          [
            55.0573092,
            25.0487683
          ],
          [
            55.0571516,
            25.0487404
          ],
          [
            55.0569634,
            25.048637
          ],
          [
            55.0529086,
            25.0460883
          ],
          [
            55.0470843,
            25.0424965
          ],
          [
            55.0471755,
            25.0423724
          ],
          [
            55.0571593,
            25.0485243
          ],
          [
            55.0572768,
            25.0485547
          ],
          [
            55.0574557,
            25.0485395
          ],
          [
            55.0576123,
            25.0483976
          ],
          [
            55.0576961,
            25.0481607
          ],
          [
            55.0584808,
            25.0460619
          ]
        ]
      },
      "properties": {
        "osm_id": 722947680,
        "kind": "coastline",
        "name": null
      }
    },
    {
      "type": "Feature",
      "geometry": {
        "type": "LineString",
        "coordinates": [
          [
            55.0637244,
            25.0331325
          ],
          [
            55.0638079,
            25.0331486
          ],
          [
            55.063772,
            25.03334
          ],
          [
            55.0637838,
            25.0334252
          ],
          [
            55.063838,
            25.0335354
          ],
          [
            55.0638685,
            25.033616
          ],
          [
            55.0638804,
            25.0336814
          ],
          [
            55.0638692,
            25.0337495
          ],
          [
            55.0638224,
            25.0338204
          ],
          [
            55.0637678,
            25.0338616
          ],
          [
            55.0637223,
            25.0338477
          ],
          [
            55.0636964,
            25.0338112
          ]
        ]
      },
      "properties": {
        "osm_id": 722947683,
        "kind": "coastline",
        "name": null
      }
    },
    {
      "type": "Feature",
      "geometry": {
        "type": "LineString",
        "coordinates": [
          [
            55.0636964,
            25.0338112
          ],
          [
            55.0629228,
            25.0337637
          ],
          [
            55.0615177,
            25.0335432
          ],
          [
            55.0608846,
            25.0333957
          ],
          [
            55.0607674,
            25.0335102
          ],
          [
            55.0607527,
            25.0336611
          ],
          [
            55.0608065,
            25.0337708
          ],
          [
            55.0610747,
            25.0339798
          ],
          [
            55.0606945,
            25.0344427
          ],
          [
            55.0607481,
            25.034851
          ],
          [
            55.0609091,
            25.0351621
          ],
          [
            55.0612712,
            25.0355752
          ],
          [
            55.0614723,
            25.0357502
          ],
          [
            55.061526,
            25.0359446
          ],
          [
            55.0614187,
            25.036139
          ],
          [
            55.0613597,
            25.0363869
          ],
          [
            55.0615206,
            25.0367077
          ],
          [
            55.0613543,
            25.0369167
          ],
          [
            55.0617868,
            25.0370232
          ],
          [
            55.0620221,
            25.0370645
          ],
          [
            55.0621912,
            25.0371014
          ],
          [
            55.062371,
            25.0371607
          ],
          [
            55.0624778,
            25.0372128
          ],
          [
            55.0625712,
            25.0372168
          ],
          [
            55.0626276,
            25.0372689
          ],
          [
            55.0627178,
            25.0372669
          ],
          [
            55.062756,
            25.0372503
          ],
          [
            55.0627957,
            25.037253
          ],
          [
            55.0628023,
            25.0372811
          ],
          [
            55.0627869,
            25.037319
          ],
          [
            55.0628109,
            25.0373577
          ],
          [
            55.062878,
            25.0374425
          ],
          [
            55.0629035,
            25.0375262
          ],
          [
            55.0629098,
            25.0376168
          ],
          [
            55.0628739,
            25.0377512
          ],
          [
            55.0627914,
            25.0379141
          ],
          [
            55.0627189,
            25.0381248
          ],
          [
            55.0627015,
            25.0382731
          ],
          [
            55.0626563,
            25.038452
          ],
          [
            55.0625959,
            25.0386915
          ],
          [
            55.0625512,
            25.0389292
          ],
          [
            55.0625413,
            25.0391457
          ],
          [
            55.0625403,
            25.0392343
          ],
          [
            55.062556,
            25.039356
          ],
          [
            55.0625384,
            25.0394773
          ],
          [
            55.0624715,
            25.0396072
          ],
          [
            55.0624098,
            25.0397313
          ],
          [
            55.0623438,
            25.040003
          ],
          [
            55.0623108,
            25.0402421
          ],
          [
            55.0622465,
            25.0404989
          ],
          [
            55.0622403,
            25.0405578
          ],
          [
            55.0622078,
            25.0408642
          ],
          [
            55.0621991,
            25.040999
          ],
          [
            55.0621876,
            25.0411758
          ],
          [
            55.0621736,
            25.0412667
          ],
          [
            55.0621812,
            25.0413254
          ],
          [
            55.0622132,
            25.0413658
          ],
          [
            55.0622851,
            25.0413881
          ],
          [
            55.0632783,
            25.0415905
          ],
          [
            55.063321,
            25.041605
          ],
          [
            55.0633849,
            25.0416268
          ],
          [
            55.0634539,
            25.0416949
          ],
          [
            55.0634618,
            25.0417703
          ],
          [
            55.0634494,
            25.0418777
          ],
          [
            55.0634527,
            25.0419712
          ],
          [
            55.0634857,
            25.0420332
          ],
          [
            55.0635118,
            25.0420553
          ],
          [
            55.0635523,
            25.0420895
          ],
          [
            55.0635916,
            25.0421061
          ],
          [
            55.063649,
            25.0421304
          ],
          [
            55.0641903,
            25.0422011
          ],
          [
            55.0642606,
            25.0421838
          ],
          [
            55.0642993,
            25.0421504
          ],
          [
            55.0643776,
            25.0417918
          ],
          [
            55.0644524,
            25.0417551
          ],
          [
            55.0645194,
            25.0417497
          ],
          [
            55.0646075,
            25.0417644
          ],
          [
            55.0646496,
            25.0417946
          ],
          [
            55.0647493,
            25.0418405
          ],
          [
            55.0648748,
            25.041882
          ],
          [
            55.0650059,
            25.0419095
          ],
          [
            55.0651428,
            25.0419175
          ],
          [
            55.0652522,
            25.0419123
          ],
          [
            55.0653624,
            25.0419244
          ],
          [
            55.0654553,
            25.041955
          ],
          [
            55.0658126,
            25.04226
          ],
          [
            55.0663162,
            25.0423846
          ],
          [
            55.0664939,
            25.0423425
          ],
          [
            55.066828,
            25.041993
          ],
          [
            55.0670985,
            25.0415394
          ],
          [
            55.0679247,
            25.0391079
          ],
          [
            55.0689653,
            25.0360657
          ],
          [
            55.0690787,
            25.0356246
          ],
          [
            55.0691306,
            25.0353124
          ],
          [
            55.0693097,
            25.0339518
          ],
          [
            55.0693656,
            25.0336662
          ],
          [
            55.0693408,
            25.0335919
          ],
          [
            55.0692742,
            25.0335885
          ]
        ]
      },
      "properties": {
        "osm_id": 722947684,
        "kind": "coastline",
        "name": null
      }
    },
    {
      "type": "Feature",
      "geometry": {
        "type": "LineString",
        "coordinates": [
          [
            55.0772698,
            25.0245998
          ],
          [
            55.0779206,
            25.0250984
          ],
          [
            55.0779688,
            25.0250878
          ],
          [
            55.0791883,
            25.0262915
          ],
          [
            55.0792052,
            25.026345
          ],
          [
            55.0791793,
            25.0263985
          ],
          [
            55.0780903,
            25.0273176
          ],
          [
            55.0780584,
            25.0273229
          ],
          [
            55.0780212,
            25.0273086
          ],
          [
            55.0778132,
            25.0270974
          ],
          [
            55.0776098,
            25.027054
          ],
          [
            55.0773745,
            25.0272627
          ],
          [
            55.0772959,
            25.0272717
          ],
          [
            55.0772084,
            25.0272325
          ],
          [
            55.0766034,
            25.0266671
          ],
          [
            55.0765728,
            25.0265751
          ],
          [
            55.0766197,
            25.0264971
          ],
          [
            55.0769262,
            25.0262328
          ],
          [
            55.076802,
            25.026111
          ],
          [
            55.0767976,
            25.0260796
          ],
          [
            55.0768146,
            25.0260482
          ],
          [
            55.0777311,
            25.0252843
          ],
          [
            55.077734,
            25.0252553
          ],
          [
            55.0774291,
            25.0250114
          ],
          [
            55.0770899,
            25.0247123
          ],
          [
            55.0768913,
            25.0245441
          ],
          [
            55.0767909,
            25.0244538
          ]
        ]
      },
      "properties": {
        "osm_id": 722968880,
        "kind": "coastline",
        "name": null
      }
    },
    {
      "type": "Feature",
      "geometry": {
        "type": "LineString",
        "coordinates": [
          [
            55.0767909,
            25.0244538
          ],
          [
            55.0764875,
            25.0243658
          ],
          [
            55.0762617,
            25.0242979
          ],
          [
            55.0760184,
            25.0242359
          ],
          [
            55.0758206,
            25.0241875
          ],
          [
            55.0755331,
            25.0241418
          ],
          [
            55.0752945,
            25.0241072
          ],
          [
            55.0750335,
            25.0240839
          ],
          [
            55.0747245,
            25.0240671
          ],
          [
            55.0744305,
            25.0240751
          ],
          [
            55.0739771,
            25.0252699
          ],
          [
            55.0739125,
            25.0255202
          ],
          [
            55.0738861,
            25.0257401
          ],
          [
            55.0738763,
            25.0260034
          ],
          [
            55.0738727,
            25.0264226
          ],
          [
            55.0738808,
            25.0265694
          ],
          [
            55.0738598,
            25.0266944
          ],
          [
            55.0737856,
            25.0269066
          ],
          [
            55.0731894,
            25.0282979
          ],
          [
            55.0731338,
            25.0283692
          ],
          [
            55.0730464,
            25.0284117
          ],
          [
            55.0729197,
            25.0284177
          ],
          [
            55.0725562,
            25.0282478
          ],
          [
            55.0722041,
            25.0280832
          ]
        ]
      },
      "properties": {
        "osm_id": 722968881,
        "kind": "coastline",
        "name": null
      }
    },
    {
      "type": "Feature",
      "geometry": {
        "type": "LineString",
        "coordinates": [
          [
            55.1246776,
            25.0752607
          ],
          [
            55.1246695,
            25.0755514
          ],
          [
            55.1246653,
            25.0757043
          ],
          [
            55.1246753,
            25.0757731
          ],
          [
            55.1247084,
            25.0758243
          ],
          [
            55.124736,
            25.0758841
          ],
          [
            55.1247784,
            25.0761425
          ],
          [
            55.1247874,
            25.0762041
          ],
          [
            55.1248208,
            25.0764337
          ],
          [
            55.1249152,
            25.0771484
          ],
          [
            55.1250912,
            25.0786156
          ],
          [
            55.1250795,
            25.0786588
          ],
          [
            55.1250526,
            25.0786883
          ],
          [
            55.1250132,
            25.0787114
          ],
          [
            55.1247906,
            25.078827
          ],
          [
            55.1247481,
            25.0788756
          ],
          [
            55.1246986,
            25.0791017
          ],
          [
            55.1247153,
            25.079203
          ],
          [
            55.1246934,
            25.079409
          ],
          [
            55.1247002,
            25.0794856
          ],
          [
            55.1247943,
            25.0796491
          ],
          [
            55.1248619,
            25.0798082
          ],
          [
            55.1248961,
            25.0799817
          ],
          [
            55.1248998,
            25.0801553
          ],
          [
            55.1248618,
            25.080362
          ],
          [
            55.1247348,
            25.0805751
          ],
          [
            55.124515,
            25.0808739
          ],
          [
            55.1240092,
            25.0815614
          ],
          [
            55.123546,
            25.0821812
          ],
          [
            55.1230948,
            25.0827971
          ],
          [
            55.1228137,
            25.0832064
          ],
          [
            55.12265,
            25.0833811
          ],
          [
            55.1224537,
            25.0835227
          ],
          [
            55.1221378,
            25.0835854
          ],
          [
            55.1218696,
            25.0835563
          ],
          [
            55.121555,
            25.0833983
          ],
          [
            55.1215002,
            25.0833999
          ],
          [
            55.1209785,
            25.0837204
          ],
          [
            55.1209487,
            25.0836848
          ],
          [
            55.1210606,
            25.0836057
          ],
          [
            55.1198531,
            25.0822114
          ],
          [
            55.1183708,
            25.0804998
          ],
          [
            55.1182276,
            25.080601
          ],
          [
            55.11819,
            25.0805631
          ],
          [
            55.1184605,
            25.0803482
          ],
          [
            55.1187303,
            25.0801297
          ],
          [
            55.1187294,
            25.080077
          ],
          [
            55.1186729,
            25.079957
          ],
          [
            55.1186321,
            25.0797728
          ],
          [
            55.1186438,
            25.0796105
          ],
          [
            55.1187179,
            25.0794481
          ],
          [
            55.1188526,
            25.0792741
          ],
          [
            55.1190545,
            25.0790958
          ],
          [
            55.1194307,
            25.0787899
          ],
          [
            55.1203003,
            25.0780827
          ],
          [
            55.1215685,
            25.0770515
          ],
          [
            55.1228225,
            25.0760317
          ],
          [
            55.1233487,
            25.0756038
          ],
          [
            55.1234547,
            25.0755341
          ],
          [
            55.123532,
            25.0755123
          ],
          [
            55.1236446,
            25.075396
          ],
          [
            55.1236383,
            25.0750707
          ],
          [
            55.1235439,
            25.074661
          ],
          [
            55.1232311,
            25.0736693
          ],
          [
            55.1231593,
            25.0733504
          ],
          [
            55.1231381,
            25.073233
          ],
          [
            55.1230985,
            25.0732014
          ],
          [
            55.1230208,
            25.0731888
          ],
          [
            55.1229744,
            25.0731353
          ],
          [
            55.1229653,
            25.0730396
          ],
          [
            55.1229829,
            25.0729696
          ],
          [
            55.1230416,
            25.0729232
          ],
          [
            55.1231323,
            25.0729055
          ],
          [
            55.1231569,
            25.0726852
          ],
          [
            55.1232203,
            25.0723915
          ],
          [
            55.1234228,
            25.0719236
          ],
          [
            55.1235569,
            25.0716948
          ],
          [
            55.1237482,
            25.0714731
          ],
          [
            55.1238723,
            25.0713378
          ],
          [
            55.1239266,
            25.0712985
          ],
          [
            55.1239254,
            25.0712412
          ],
          [
            55.1238599,
            25.0711379
          ],
          [
            55.1237812,
            25.0710723
          ],
          [
            55.1236411,
            25.071158
          ],
          [
            55.1235517,
            25.071185
          ],
          [
            55.1235281,
            25.0711601
          ],
          [
            55.1236612,
            25.0710293
          ],
          [
            55.1233883,
            25.0707493
          ],
          [
            55.1231994,
            25.0704922
          ],
          [
            55.1227511,
            25.0699245
          ],
          [
            55.1224643,
            25.0696538
          ],
          [
            55.1222733,
            25.0694514
          ],
          [
            55.12208,
            25.06924
          ],
          [
            55.1218056,
            25.0690296
          ],
          [
            55.1217054,
            25.0689739
          ],
          [
            55.1215433,
            25.0691123
          ],
          [
            55.1213799,
            25.0691758
          ],
          [
            55.1213633,
            25.0691569
          ],
          [
            55.1213004,
            25.0690852
          ],
          [
            55.1212489,
            25.0690266
          ],
          [
            55.1212351,
            25.0690108
          ],
          [
            55.1212859,
            25.0689572
          ],
          [
            55.1212678,
            25.0689093
          ],
          [
            55.1210668,
            25.068631
          ],
          [
            55.1208077,
            25.0683433
          ],
          [
            55.1205857,
            25.0681816
          ],
          [
            55.1204323,
            25.0679719
          ],
          [
            55.1202469,
            25.0677304
          ],
          [
            55.1200788,
            25.0675047
          ],
          [
            55.1199397,
            25.0673347
          ],
          [
            55.1197601,
            25.0671707
          ],
          [
            55.1194921,
            25.0669047
          ],
          [
            55.1194161,
            25.0669685
          ],
          [
            55.1193727,
            25.0669262
          ],
          [
            55.119334,
            25.0668877
          ],
          [
            55.1192741,
            25.066826
          ],
          [
            55.1192189,
            25.0667784
          ],
          [
            55.1192874,
            25.0667133
          ],
          [
            55.1192824,
            25.0666757
          ],
          [
            55.1191483,
            25.0665555
          ],
          [
            55.119065,
            25.0664421
          ],
          [
            55.1189449,
            25.0663121
          ],
          [
            55.118767,
            25.0661706
          ],
          [
            55.1185846,
            25.0659566
          ],
          [
            55.1184088,
            25.065731
          ],
          [
            55.1181721,
            25.0654682
          ],
          [
            55.1179149,
            25.0652369
          ],
          [
            55.1176561,
            25.0649018
          ],
          [
            55.1173752,
            25.0645748
          ],
          [
            55.1170694,
            25.0642303
          ],
          [
            55.1169296,
            25.0641088
          ],
          [
            55.1168416,
            25.0641993
          ],
          [
            55.1168048,
            25.0641594
          ],
          [
            55.1166871,
            25.0640453
          ],
          [
            55.1166488,
            25.0640056
          ],
          [
            55.1167565,
            25.0639284
          ],
          [
            55.1166333,
            25.0638054
          ],
          [
            55.1164862,
            25.063627
          ],
          [
            55.1162544,
            25.0634066
          ],
          [
            55.1161493,
            25.0632291
          ],
          [
            55.1160802,
            25.0630967
          ],
          [
            55.1160051,
            25.0630021
          ],
          [
            55.1159322,
            25.0629671
          ],
          [
            55.1158706,
            25.062956
          ],
          [
            55.1158161,
            25.0629941
          ],
          [
            55.1157137,
            25.0628891
          ],
          [
            55.1158313,
            25.0628
          ],
          [
            55.1157531,
            25.0627202
          ],
          [
            55.1156406,
            25.0628031
          ],
          [
            55.1156202,
            25.0627871
          ],
          [
            55.1142625,
            25.0638366
          ],
          [
            55.1141535,
            25.0637229
          ],
          [
            55.1144243,
            25.0635139
          ],
          [
            55.1143631,
            25.0634412
          ],
          [
            55.1140931,
            25.0636567
          ],
          [
            55.1140445,
            25.0636092
          ],
          [
            55.1154382,
            25.0625073
          ],
          [
            55.1153921,
            25.0624677
          ],
          [
            55.1153153,
            25.0624774
          ],
          [
            55.1152152,
            25.0624573
          ],
          [
            55.1151115,
            25.0625379
          ],
          [
            55.1150879,
            25.062515
          ],
          [
            55.1151856,
            25.0624391
          ],
          [
            55.1151337,
            25.0623834
          ],
          [
            55.1151062,
            25.0623536
          ],
          [
            55.1149963,
            25.0624407
          ],
          [
            55.1149706,
            25.062417
          ],
          [
            55.1150747,
            25.0623331
          ],
          [
            55.1150159,
            25.0622261
          ],
          [
            55.1148436,
            25.0620509
          ],
          [
            55.1145767,
            25.0617722
          ],
          [
            55.1142465,
            25.0613643
          ],
          [
            55.1139818,
            25.0610343
          ],
          [
            55.1137641,
            25.0606933
          ],
          [
            55.1133844,
            25.0602231
          ],
          [
            55.1131855,
            25.0600547
          ],
          [
            55.113006,
            25.0598698
          ],
          [
            55.1126621,
            25.0594158
          ],
          [
            55.1121864,
            25.0589206
          ],
          [
            55.11172,
            25.0583686
          ],
          [
            55.1111078,
            25.0577552
          ],
          [
            55.110524,
            25.0570262
          ],
          [
            55.110241,
            25.0567519
          ],
          [
            55.1099106,
            25.0565197
          ],
          [
            55.1096492,
            25.0566741
          ],
          [
            55.1096156,
            25.0566325
          ],
          [
            55.1100457,
            25.0563488
          ],
          [
            55.1101142,
            25.0562647
          ],
          [
            55.1099683,
            25.0560839
          ],
          [
            55.1098608,
            25.0559775
          ],
          [
            55.109762,
            25.0560165
          ],
          [
            55.1093894,
            25.0562395
          ],
          [
            55.1093132,
            25.0562667
          ],
          [
            55.1092723,
            25.0562247
          ],
          [
            55.109305,
            25.0561729
          ],
          [
            55.109305,
            25.0561705
          ],
          [
            55.1095902,
            25.0559397
          ],
          [
            55.1096328,
            25.0558601
          ],
          [
            55.1095126,
            25.0557374
          ],
          [
            55.1093851,
            25.0556084
          ],
          [
            55.1092096,
            25.0556998
          ],
          [
            55.1090969,
            25.0557551
          ],
          [
            55.1089502,
            25.0558349
          ],
          [
            55.1088817,
            25.055795
          ],
          [
            55.1088964,
            25.0557285
          ],
          [
            55.1089795,
            25.055702
          ],
          [
            55.1089769,
            25.055581
          ],
          [
            55.1082498,
            25.0548141
          ],
          [
            55.108016,
            25.0545057
          ],
          [
            55.1077959,
            25.0544392
          ],
          [
            55.1067936,
            25.0534033
          ],
          [
            55.1064068,
            25.0530609
          ],
          [
            55.1058607,
            25.0526932
          ],
          [
            55.1052585,
            25.0524103
          ],
          [
            55.1051304,
            25.0523871
          ],
          [
            55.1049971,
            25.0524301
          ],
          [
            55.1048312,
            25.0526749
          ],
          [
            55.1045929,
            25.0529432
          ],
          [
            55.1039376,
            25.0534491
          ],
          [
            55.1033143,
            25.0538001
          ],
          [
            55.1031717,
            25.0539079
          ],
          [
            55.1030547,
            25.0539161
          ],
          [
            55.1029639,
            25.053844
          ],
          [
            55.1029807,
            25.0537195
          ],
          [
            55.1037072,
            25.0533434
          ],
          [
            55.1040373,
            25.0530935
          ],
          [
            55.104404,
            25.0527793
          ],
          [
            55.1047673,
            25.0524234
          ],
          [
            55.1050632,
            25.0519963
          ],
          [
            55.1042856,
            25.0511944
          ],
          [
            55.1037383,
            25.0514918
          ],
          [
            55.1034027,
            25.0517101
          ],
          [
            55.102773,
            25.0522239
          ],
          [
            55.1026005,
            25.0524008
          ],
          [
            55.1021493,
            25.052941
          ],
          [
            55.101769,
            25.0535876
          ],
          [
            55.1017354,
            25.0536755
          ],
          [
            55.1017832,
            25.0537921
          ],
          [
            55.1024484,
            25.054494
          ],
          [
            55.1024656,
            25.054548
          ],
          [
            55.1024387,
            25.0546009
          ],
          [
            55.102363,
            25.0546079
          ],
          [
            55.1023011,
            25.0545711
          ],
          [
            55.1011776,
            25.0534012
          ],
          [
            55.1011361,
            25.0532853
          ],
          [
            55.1011402,
            25.0532472
          ],
          [
            55.1012078,
            25.0532303
          ],
          [
            55.1012683,
            25.0532494
          ],
          [
            55.1013738,
            25.0533403
          ],
          [
            55.1014644,
            25.0533859
          ],
          [
            55.1015491,
            25.053387
          ],
          [
            55.1016484,
            25.0533553
          ],
          [
            55.1017283,
            25.0532651
          ],
          [
            55.1020573,
            25.0527466
          ],
          [
            55.1024395,
            25.052301
          ],
          [
            55.1026639,
            25.0520849
          ],
          [
            55.1029377,
            25.0518474
          ],
          [
            55.103231,
            25.0516174
          ],
          [
            55.1036172,
            25.051369
          ],
          [
            55.1035947,
            25.0512252
          ],
          [
            55.1034928,
            25.0510137
          ],
          [
            55.1032297,
            25.0506094
          ],
          [
            55.1032437,
            25.0504346
          ],
          [
            55.1025484,
            25.0495281
          ],
          [
            55.1018524,
            25.0487756
          ],
          [
            55.1010136,
            25.0479586
          ],
          [
            55.1005008,
            25.0474141
          ],
          [
            55.100036,
            25.0469406
          ],
          [
            55.0995663,
            25.0464229
          ],
          [
            55.0991275,
            25.0459726
          ],
          [
            55.0986967,
            25.0456638
          ],
          [
            55.0985535,
            25.0458275
          ],
          [
            55.0984771,
            25.0458422
          ],
          [
            55.0984657,
            25.045783
          ],
          [
            55.0987613,
            25.0454782
          ],
          [
            55.0987203,
            25.0454375
          ],
          [
            55.0982218,
            25.0449237
          ],
          [
            55.0981858,
            25.0448845
          ],
          [
            55.0977884,
            25.0451275
          ],
          [
            55.0977259,
            25.0451121
          ],
          [
            55.0977344,
            25.0450606
          ],
          [
            55.0980605,
            25.0448607
          ],
          [
            55.0981574,
            25.0447302
          ],
          [
            55.0981521,
            25.0446245
          ],
          [
            55.0980875,
            25.0444746
          ],
          [
            55.0979264,
            25.0443247
          ],
          [
            55.0979583,
            25.0442471
          ],
          [
            55.0979496,
            25.0442393
          ],
          [
            55.0979398,
            25.0442304
          ],
          [
            55.0978534,
            25.0442541
          ],
          [
            55.097726,
            25.0441647
          ],
          [
            55.0974231,
            25.0443769
          ],
          [
            55.0973708,
            25.0443658
          ],
          [
            55.0973799,
            25.0443197
          ],
          [
            55.097595,
            25.0441615
          ],
          [
            55.0975912,
            25.044113
          ],
          [
            55.0974805,
            25.0439472
          ],
          [
            55.096663,
            25.0430831
          ],
          [
            55.0963777,
            25.0428054
          ],
          [
            55.0962029,
            25.0427005
          ],
          [
            55.0958471,
            25.0429994
          ],
          [
            55.0957543,
            25.0429966
          ],
          [
            55.0957556,
            25.0429166
          ],
          [
            55.0961593,
            25.0425988
          ],
          [
            55.0961712,
            25.0425437
          ],
          [
            55.0957659,
            25.0421033
          ],
          [
            55.0934762,
            25.0395814
          ],
          [
            55.0916314,
            25.0375305
          ],
          [
            55.0913029,
            25.0372178
          ],
          [
            55.0907931,
            25.0365511
          ],
          [
            55.089325,
            25.0349062
          ],
          [
            55.0888763,
            25.0345426
          ],
          [
            55.0883584,
            25.034136
          ],
          [
            55.0881465,
            25.0339997
          ],
          [
            55.087623,
            25.0335164
          ],
          [
            55.0874432,
            25.0333234
          ],
          [
            55.0870506,
            25.0329695
          ],
          [
            55.086687,
            25.032829
          ],
          [
            55.086459,
            25.0328818
          ],
          [
            55.0860409,
            25.0328664
          ],
          [
            55.0859437,
            25.03278
          ],
          [
            55.0859128,
            25.0326748
          ],
          [
            55.0859285,
            25.0325703
          ],
          [
            55.0860426,
            25.0323929
          ],
          [
            55.0860789,
            25.0322722
          ],
          [
            55.0860225,
            25.032056
          ],
          [
            55.0859157,
            25.0319417
          ],
          [
            55.0858399,
            25.0319484
          ],
          [
            55.0858099,
            25.0320035
          ],
          [
            55.0857589,
            25.0320201
          ],
          [
            55.0856595,
            25.0319727
          ],
          [
            55.0856456,
            25.0318925
          ],
          [
            55.0856954,
            25.0318831
          ],
          [
            55.0858378,
            25.0318224
          ],
          [
            55.0857788,
            25.0316688
          ],
          [
            55.0858117,
            25.0315942
          ],
          [
            55.0858418,
            25.031572
          ],
          [
            55.0858943,
            25.0315332
          ],
          [
            55.0866108,
            25.0310034
          ],
          [
            55.0865842,
            25.0309703
          ],
          [
            55.0858626,
            25.0314972
          ],
          [
            55.0857755,
            25.0315608
          ],
          [
            55.0856477,
            25.0316593
          ],
          [
            55.0855403,
            25.0317442
          ],
          [
            55.0854761,
            25.0317324
          ],
          [
            55.0853254,
            25.0315856
          ],
          [
            55.0851467,
            25.0317347
          ],
          [
            55.086052,
            25.0334224
          ],
          [
            55.0860349,
            25.0334597
          ],
          [
            55.085991,
            25.0334509
          ],
          [
            55.0850819,
            25.0317271
          ],
          [
            55.0852929,
            25.0315381
          ],
          [
            55.0852586,
            25.0314136
          ],
          [
            55.0853128,
            25.0313242
          ],
          [
            55.085416,
            25.0312494
          ],
          [
            55.0848629,
            25.030724
          ],
          [
            55.0845122,
            25.0305503
          ],
          [
            55.0840131,
            25.0303922
          ],
          [
            55.0834818,
            25.0303512
          ],
          [
            55.0832058,
            25.030365
          ],
          [
            55.0825526,
            25.0307825
          ],
          [
            55.0819929,
            25.0311707
          ],
          [
            55.0819137,
            25.0312211
          ],
          [
            55.0818227,
            25.0312482
          ],
          [
            55.0813558,
            25.0315672
          ],
          [
            55.0811989,
            25.031685
          ],
          [
            55.0811263,
            25.0317617
          ],
          [
            55.0810785,
            25.0318342
          ],
          [
            55.0810428,
            25.0319307
          ],
          [
            55.0810395,
            25.0321282
          ],
          [
            55.0811126,
            25.0323063
          ],
          [
            55.0812474,
            25.0324336
          ],
          [
            55.0815451,
            25.0325234
          ],
          [
            55.0816701,
            25.0325157
          ],
          [
            55.0817902,
            25.032484
          ],
          [
            55.0820179,
            25.0323363
          ],
          [
            55.082305,
            25.0321157
          ],
          [
            55.0824387,
            25.0320266
          ],
          [
            55.0824909,
            25.0319459
          ],
          [
            55.0825372,
            25.0318869
          ],
          [
            55.0826324,
            25.0318767
          ],
          [
            55.0826934,
            25.0319013
          ],
          [
            55.0827201,
            25.0319635
          ],
          [
            55.0827169,
            25.0320441
          ],
          [
            55.082639,
            25.0320961
          ],
          [
            55.0825468,
            25.0321313
          ],
          [
            55.0819611,
            25.0325759
          ],
          [
            55.0817984,
            25.0326438
          ],
          [
            55.081631,
            25.0326821
          ],
          [
            55.0814989,
            25.0326763
          ],
          [
            55.0812472,
            25.0326367
          ],
          [
            55.0810223,
            25.0324853
          ],
          [
            55.0809007,
            25.0322661
          ],
          [
            55.0808518,
            25.0320008
          ],
          [
            55.0808757,
            25.0318537
          ],
          [
            55.080944,
            25.0317107
          ],
          [
            55.0811043,
            25.0315651
          ],
          [
            55.082872,
            25.0302552
          ],
          [
            55.0828647,
            25.0298501
          ],
          [
            55.0828297,
            25.0296196
          ],
          [
            55.0827761,
            25.0295426
          ],
          [
            55.082742,
            25.0295275
          ],
          [
            55.0826504,
            25.0295825
          ],
          [
            55.0826373,
            25.0295637
          ],
          [
            55.0831803,
            25.029179
          ],
          [
            55.0831608,
            25.0291575
          ],
          [
            55.0832916,
            25.0290554
          ],
          [
            55.0833236,
            25.0290102
          ],
          [
            55.0833004,
            25.0289788
          ],
          [
            55.083246,
            25.0289951
          ],
          [
            55.0830905,
            25.0290798
          ],
          [
            55.0830725,
            25.0290599
          ],
          [
            55.0825221,
            25.0294539
          ],
          [
            55.082443,
            25.0293697
          ],
          [
            55.0829972,
            25.0289455
          ],
          [
            55.082982,
            25.028931
          ],
          [
            55.0830848,
            25.0288554
          ],
          [
            55.0831468,
            25.028791
          ],
          [
            55.0831278,
            25.0287661
          ],
          [
            55.0830452,
            25.0288006
          ],
          [
            55.0829079,
            25.0288602
          ],
          [
            55.0828864,
            25.0288396
          ],
          [
            55.0823402,
            25.0292358
          ],
          [
            55.0823244,
            25.0292182
          ],
          [
            55.0824858,
            25.0290707
          ],
          [
            55.0823366,
            25.0288814
          ],
          [
            55.0821123,
            25.0285626
          ],
          [
            55.0817839,
            25.0283188
          ],
          [
            55.08134,
            25.0281182
          ],
          [
            55.0811715,
            25.0282292
          ],
          [
            55.0811544,
            25.0282118
          ],
          [
            55.0813692,
            25.0280331
          ],
          [
            55.0813207,
            25.0279671
          ],
          [
            55.0812809,
            25.0279992
          ],
          [
            55.0812542,
            25.0279698
          ],
          [
            55.0813119,
            25.0279259
          ],
          [
            55.0816996,
            25.0276307
          ],
          [
            55.0816747,
            25.0276019
          ],
          [
            55.0818028,
            25.027496
          ],
          [
            55.0818378,
            25.0274542
          ],
          [
            55.0818009,
            25.027407
          ],
          [
            55.0817486,
            25.0274205
          ],
          [
            55.081587,
            25.0275003
          ],
          [
            55.0815595,
            25.0274684
          ],
          [
            55.0812162,
            25.027727
          ],
          [
            55.0811083,
            25.0278051
          ],
          [
            55.0810908,
            25.0277826
          ],
          [
            55.081328,
            25.0275799
          ],
          [
            55.0813488,
            25.0273879
          ],
          [
            55.0813054,
            25.0272439
          ],
          [
            55.0811743,
            25.0270967
          ],
          [
            55.0810516,
            25.0270235
          ],
          [
            55.0809307,
            25.0269513
          ],
          [
            55.0808379,
            25.0269113
          ],
          [
            55.0807449,
            25.026947
          ],
          [
            55.0805035,
            25.0271154
          ],
          [
            55.0803658,
            25.0272085
          ],
          [
            55.0803293,
            25.0271913
          ],
          [
            55.0803318,
            25.0271485
          ],
          [
            55.080645,
            25.0269209
          ],
          [
            55.0806151,
            25.0268941
          ],
          [
            55.0805813,
            25.0268584
          ],
          [
            55.0804414,
            25.0267213
          ],
          [
            55.0803412,
            25.0266183
          ],
          [
            55.0801218,
            25.026426
          ],
          [
            55.0799822,
            25.0263036
          ],
          [
            55.0796836,
            25.0260351
          ],
          [
            55.0793089,
            25.0257415
          ],
          [
            55.0789587,
            25.0255059
          ],
          [
            55.0786678,
            25.0253102
          ],
          [
            55.0785414,
            25.0252285
          ],
          [
            55.0784717,
            25.0251452
          ],
          [
            55.0784503,
            25.0250449
          ],
          [
            55.0784432,
            25.0248608
          ],
          [
            55.0783499,
            25.0248744
          ],
          [
            55.0783123,
            25.0249285
          ],
          [
            55.0781756,
            25.0249477
          ],
          [
            55.0779862,
            25.0248894
          ],
          [
            55.0776107,
            25.0247403
          ],
          [
            55.0774155,
            25.0246673
          ],
          [
            55.0772698,
            25.0245998
          ]
        ]
      },
      "properties": {
        "osm_id": 812925343,
        "kind": "coastline",
        "name": null
      }
    },
    {
      "type": "Feature",
      "geometry": {
        "type": "LineString",
        "coordinates": [
          [
            55.02558,
            24.9890014
          ],
          [
            55.0255608,
            24.9891672
          ],
          [
            55.0255871,
            24.9891697
          ],
          [
            55.0255961,
            24.9890916
          ],
          [
            55.0257054,
            24.989102
          ],
          [
            55.0257063,
            24.9890948
          ],
          [
            55.0257075,
            24.9890845
          ],
          [
            55.0256019,
            24.9890744
          ],
          [
            55.02561,
            24.9890043
          ],
          [
            55.02558,
            24.9890014
          ]
        ]
      },
      "properties": {
        "osm_id": 941704283,
        "kind": "pier",
        "name": null
      }
    },
    {
      "type": "Feature",
      "geometry": {
        "type": "LineString",
        "coordinates": [
          [
            55.0255307,
            24.9897369
          ],
          [
            55.0255336,
            24.9897274
          ],
          [
            55.025536,
            24.9897197
          ],
          [
            55.0254815,
            24.9897061
          ],
          [
            55.025487,
            24.9896882
          ],
          [
            55.0254028,
            24.9896671
          ],
          [
            55.0254733,
            24.9894367
          ],
          [
            55.0254484,
            24.9894305
          ],
          [
            55.0253787,
            24.9896585
          ],
          [
            55.0253525,
            24.9897441
          ],
          [
            55.0253788,
            24.9897507
          ],
          [
            55.0253896,
            24.9897155
          ],
          [
            55.02547,
            24.9897357
          ],
          [
            55.025474,
            24.9897227
          ],
          [
            55.0255307,
            24.9897369
          ]
        ]
      },
      "properties": {
        "osm_id": 941704284,
        "kind": "pier",
        "name": null
      }
    },
    {
      "type": "Feature",
      "geometry": {
        "type": "LineString",
        "coordinates": [
          [
            55.0237541,
            24.9900082
          ],
          [
            55.0237698,
            24.9899929
          ],
          [
            55.023882,
            24.9900873
          ],
          [
            55.0239826,
            24.990172
          ],
          [
            55.0239669,
            24.9901873
          ],
          [
            55.023899,
            24.9901308
          ],
          [
            55.0238043,
            24.9900504
          ],
          [
            55.0237541,
            24.9900082
          ]
        ]
      },
      "properties": {
        "osm_id": 941704285,
        "kind": "pier",
        "name": null
      }
    },
    {
      "type": "Feature",
      "geometry": {
        "type": "LineString",
        "coordinates": [
          [
            55.023899,
            24.9901308
          ],
          [
            55.0238662,
            24.9901665
          ]
        ]
      },
      "properties": {
        "osm_id": 941704286,
        "kind": "pier",
        "name": null
      }
    },
    {
      "type": "Feature",
      "geometry": {
        "type": "LineString",
        "coordinates": [
          [
            55.0315788,
            24.9929326
          ],
          [
            55.0316185,
            24.9929516
          ],
          [
            55.0316494,
            24.9929809
          ],
          [
            55.0316684,
            24.9930177
          ],
          [
            55.0316735,
            24.993058
          ],
          [
            55.0316643,
            24.9930977
          ],
          [
            55.0316415,
            24.9931326
          ],
          [
            55.0316077,
            24.9931592
          ],
          [
            55.0315663,
            24.9931747
          ],
          [
            55.0315198,
            24.9931772
          ],
          [
            55.031475,
            24.9931657
          ],
          [
            55.0314369,
            24.9931413
          ],
          [
            55.0314098,
            24.993107
          ],
          [
            55.0313968,
            24.9930665
          ],
          [
            55.0313993,
            24.9930243
          ],
          [
            55.031417,
            24.9929853
          ],
          [
            55.031448,
            24.9929538
          ],
          [
            55.0314887,
            24.9929333
          ],
          [
            55.0314617,
            24.9929247
          ],
          [
            55.0314631,
            24.9927825
          ],
          [
            55.0314939,
            24.9927831
          ],
          [
            55.031516,
            24.9927825
          ],
          [
            55.031519,
            24.9928764
          ],
          [
            55.031619,
            24.9928755
          ],
          [
            55.03162,
            24.992856
          ],
          [
            55.0316659,
            24.9928588
          ],
          [
            55.0316682,
            24.9928433
          ],
          [
            55.0316907,
            24.9928551
          ],
          [
            55.0317145,
            24.9928743
          ],
          [
            55.031746,
            24.9928457
          ],
          [
            55.0318037,
            24.9928967
          ],
          [
            55.0317796,
            24.9929271
          ],
          [
            55.0319231,
            24.9930633
          ],
          [
            55.0319023,
            24.9930845
          ],
          [
            55.0316682,
            24.992901
          ],
          [
            55.0315147,
            24.9929068
          ],
          [
            55.0315535,
            24.9929289
          ],
          [
            55.0315788,
            24.9929326
          ]
        ]
      },
      "properties": {
        "osm_id": 942037716,
        "kind": "pier",
        "name": null
      }
    },
    {
      "type": "Feature",
      "geometry": {
        "type": "LineString",
        "coordinates": [
          [
            55.0415251,
            25.0286436
          ],
          [
            55.0414996,
            25.0285998
          ],
          [
            55.0414884,
            25.0285806
          ]
        ]
      },
      "properties": {
        "osm_id": 1072675386,
        "kind": "pier",
        "name": null
      }
    },
    {
      "type": "Feature",
      "geometry": {
        "type": "LineString",
        "coordinates": [
          [
            55.041469,
            25.0285854
          ],
          [
            55.0414957,
            25.0285716
          ],
          [
            55.0415414,
            25.028644
          ],
          [
            55.0415147,
            25.0286578
          ],
          [
            55.041469,
            25.0285854
          ]
        ]
      },
      "properties": {
        "osm_id": 1072675387,
        "kind": "pier",
        "name": null
      }
    },
    {
      "type": "Feature",
      "geometry": {
        "type": "LineString",
        "coordinates": [
          [
            55.0414996,
            25.0285998
          ],
          [
            55.0413421,
            25.0286846
          ]
        ]
      },
      "properties": {
        "osm_id": 1072675388,
        "kind": "pier",
        "name": null
      }
    }
  ]
}